"seller_id","percentage_on_time","avg_review_score"
"8d899e15a5925f097cca50faa49b15e3","0.40","2.5"
"b1b3948701c5c72445495bd161b83a4c","0.50","1.7"
"2709af9587499e95e803a6498a5a56e9","0.51","2.6"
"fce62094ffe6a4009188ec44e681dfdd","0.55","3.2"
"c42fd8e4d47dfb18ce5222f2dd7752f9","0.55","4.0"
"c37b2059d4f90d4feead554e5246565e","0.56","3.8"
"02dcd3e8e25bee036e32512bcf175493","0.63","3.3"
"312ba1d77e9c332ef21f9598b7f64cd7","0.64","2.9"
"26e2c91ef821e1ff8985f408788fe35b","0.64","3.0"
"c990d6cf976a5718aaedc539f383ab88","0.64","3.2"
"13fa2a6c6b9d0f43cb588d7c82117a12","0.64","4.1"
"cb41bfbcbda0aea354a834ab222f9a59","0.67","3.3"
"973f21788dfab357250f69a8dcb7ddee","0.67","2.3"
"7210cd29727d674c00741e5e387b3ccd","0.69","3.7"
"54965bbe3e4f07ae045b90b0b8541f52","0.70","2.9"
"e1b12447a7563944843191754aeb5562","0.70","4.5"
"7f152321c60a266edc53af1925ef96c1","0.70","3.8"
"ede0c03645598cdfc63ca8237acbe73d","0.70","3.6"
"3e8bd881d92466e63ba9e3e809cd3c50","0.70","4.2"
"c1ed9e3daf6154542826a6996af0fb8c","0.71","4.4"
"f76a3b1349b6df1ee875d1f3fa4340f0","0.71","3.5"
"c4d51195486dc781531876a7d00453d8","0.71","3.9"
"8bd0e3abda539b9479c4b44a691be1ec","0.71","1.9"
"822bad9bc42b51213ba522fe87b7ab5d","0.72","4.1"
"821fb029fc6e495ca4f08a35d51e53a5","0.72","3.4"
"054694fa03fe82cec4b7551487331d74","0.73","3.4"
"3a1a1fec38dd360f15fc912e821e169d","0.73","3.9"
"2a1348e9addc1af5aaa619b1a3679d6b","0.73","3.0"
"656591be56071d4c9ef4e5fee78a578a","0.73","4.6"
"ad781527c93d00d89a11eecd9dcad7c1","0.73","3.1"
"eb4df17aed01d918c65f0f8d650900c0","0.73","3.9"
"91f0eec23d4a61d7d7caeefa3f0ad1ca","0.73","3.5"
"835f0f7810c76831d6c7d24c7a646d4d","0.74","3.3"
"2e1a7d075abe038c1b2743005fe42ff1","0.74","3.7"
"b19f3ca2ea475913750f25a5c37c8d8f","0.75","2.8"
"e64d65bc8dbec2accda90c58de5d1246","0.75","3.1"
"b0b346d3a89f5eb4c2968af3f083cd43","0.75","3.1"
"e504a4e2efaa45cbff7e268a2c58c956","0.75","3.7"
"02d35243ea2e497335cd0f076b45675d","0.75","2.7"
"b5abf4f36adc043117b4fca82c22984c","0.75","2.4"
"a066df7361163e7ddc5d7452dd17448b","0.76","4.5"
"71039d19d4303bf9054d69e9a9236699","0.76","3.7"
"5b0cc932433fa5184b5b94bfe6bcc256","0.76","3.5"
"5abb8ea023c77787f2c15da891c8d384","0.77","3.9"
"0417b067eeab773d2f7061a726dc477f","0.77","3.9"
"8378eb36b6b70c5734e83ad7b8cdc3b7","0.77","3.8"
"5b581417df4480f632484ba681e53944","0.77","3.3"
"6ec1a01e866584bb679eb9b098345919","0.78","4.1"
"beadbee30901a7f61d031b6b686095ad","0.78","3.9"
"bbad7e518d7af88a0897397ffdca1979","0.78","3.0"
"1dfe5347016252a7884b694d4f10f5c4","0.78","3.2"
"ecccfa2bb93b34a3bf033cc5d1dcdc69","0.79","2.3"
"7fc87cc3e89b3d1d5cabdca32f8485aa","0.79","3.6"
"a44fb5a447105f8469bdf16bf9159f25","0.79","4.1"
"6039e27294dc75811c0d8a39069f52c0","0.79","3.8"
"5f67c6082caacb26e431a7b17940cece","0.79","3.6"
"a49928bcdf77c55c6d6e05e09a9b4ca5","0.79","3.0"
"4e5725ba188db8252977a4f0227bd462","0.80","3.4"
"851773c885feb5e2da3b4f82bc2b17ce","0.80","4.2"
"ff69aa92bb6b1bf9b8b7a51c2ed9cf8b","0.80","3.7"
"406740ee611378a662d274c7d8c43c4a","0.80","4.1"
"c878515173c84a492ebe50d6b493230b","0.80","4.2"
"76c47a299e4a8fe992316a85865acbe9","0.80","4.8"
"3d4824f20035949c710eaf111f869d39","0.80","3.9"
"9449f25aeaf531019b76999ea49a6949","0.80","4.0"
"fdaaf5bfda82b7b80535610c831b8d09","0.80","3.9"
"a13580f0e8f782b7a543885a0ef99f08","0.80","4.4"
"2aa3443d7bf9d9bb11133f420d75e083","0.80","3.0"
"2a261b5b644fa05f4f2700eb93544f2c","0.80","3.3"
"13074f016982ff2bd6c58ced8682f000","0.80","3.9"
"ab3e0c171fe84a7ba7de130f19cfb485","0.80","3.2"
"ef990a83bbea832f36ebe81376335aa8","0.80","3.7"
"06a2c3af7b3aee5d69171b0e14f0ee87","0.81","4.0"
"66e0557ecc2b4dbea057e93f215f68d8","0.81","3.9"
"0d85bbda9889ce1f7e63778d24f346eb","0.81","4.2"
"86bb7c4b535e49a541baf3266b1c95b1","0.81","3.2"
"55bb6fe5bebe5012e2d7d9928e1128ff","0.81","3.6"
"ea566164622c6b439516ab18062c42cd","0.81","3.8"
"712e6ed8aa4aa1fa65dab41fed5737e4","0.81","3.5"
"5bc55dbe2f12b6af6d83ed46023e0dc8","0.81","2.3"
"1b7e5006cb25dd23ce8686691013b121","0.82","4.4"
"3fd1e727ba94cfe122d165e176ce7967","0.82","3.8"
"20b54c376b794ed028df09a3cd88e8dc","0.82","3.0"
"fa74b2f3287d296e9fbd2cc80f2d1cf1","0.82","2.4"
"921323538c9f1c4e816f2720eac02bea","0.82","4.0"
"cac4c8e7b1ca6252d8f20b2fc1a2e4af","0.82","3.5"
"9c068d10aca38e85c50202e17b4a7e88","0.82","4.1"
"d32e3909cfb714fb2a6cb092c85b9c5f","0.82","3.6"
"39c763cca83e654764b7a4a650fb9b7c","0.82","3.8"
"602044f2c16190c2c6e45eb35c2e21cb","0.82","2.9"
"5011f0d93373a4c5753adf58ca77af8d","0.82","3.5"
"0249d282d911d23cb8b869ab49c99f53","0.82","4.3"
"59cd88080b93f3c18508673122d26169","0.83","4.8"
"2dcf93836ae3ce0d7c93e2f10876467a","0.83","4.2"
"bd15ee794d5e640d9dd71b665b2ab15b","0.83","4.0"
"ccb83a794700270fde70898fe9ff368b","0.83","4.3"
"e0878efa0e0b7e5313ac0b43bc04c081","0.83","3.5"
"70849ca4f400aaabb62cb7462a6f1428","0.83","4.4"
"f593898ec748b7a8cb81fc04edafd98a","0.83","3.5"
"8ca1551acf9832a4cf467bbbac15851f","0.83","3.7"
"b64d51f0435e884e8de603b1655155ae","0.83","4.1"
"ec8879960bd2221d5c32f8e12f7da711","0.83","4.3"
"2a61c271b1ac763450d846849783e922","0.83","3.7"
"b55638ad525e906c698fa2ce742c1742","0.83","4.2"
"d17f467e4bf608a510c20d82f4ba3b6b","0.83","4.0"
"cd68562d3f44870c08922d380acae552","0.83","3.8"
"11bfa66332777660bd0640ee84d47006","0.84","3.8"
"002100f778ceb8431b7a1020ff7ab48f","0.84","4.0"
"abe42c5d03695b4257b5c6cbf4e6784e","0.84","3.9"
"dd55f1bb788714a40e7954c3be6df745","0.84","3.8"
"88460e8ebdecbfecb5f9601833981930","0.84","3.4"
"9f50216bfd01913736a55a11b55ea842","0.84","4.5"
"d20b021d3efdf267a402c402a48ea64b","0.84","3.7"
"56642bcb79900e777d68e91915cb4267","0.84","3.8"
"3c03b12bab54d8b37d79d914bfdb1aa0","0.84","3.9"
"834f8533b2ecb6598dd004ff3de7203a","0.84","3.8"
"99a54764c341d5dc80b4a8fac4eba3fb","0.84","3.5"
"81336a0f57a33776419727a300249e90","0.84","3.7"
"2c9e548be18521d1c43cde1c582c6de8","0.84","3.9"
"8931a84a914b3fe9b1ddaa4d704947ca","0.84","3.8"
"e5a3438891c0bfdb9394643f95273d8e","0.84","3.8"
"15aac934c58d886785ac1b17953ea898","0.85","4.1"
"850913d59ce317156b00f3705f1c3edb","0.85","3.4"
"3b872fd4747f01cc56206f2934198618","0.85","3.9"
"36890be00bbfc1cdb9a4a38a6af05a69","0.85","4.2"
"8160255418d5aaa7dbdc9f4c64ebda44","0.85","3.8"
"d9e7e7778b32987280a6f2cb9a39c57d","0.85","3.2"
"b3b17aab11f273023a5f22ca52e1eb70","0.85","4.8"
"d93919c944be9cff128f6c9cb899eacb","0.85","4.0"
"89bc797e2e29667aa035d4368f9b7f92","0.85","3.8"
"c60b801f2d52c7f7f91de00870882a75","0.85","3.3"
"0bf0150d5b9d60d9cd2906003332f085","0.85","3.7"
"6ee85be3693ed79a8e80718743d80655","0.85","1.9"
"6973a06f484aacf400ece213dbf3d946","0.85","3.5"
"b74d1c09cb380e1d03a6f859c6f4224b","0.85","4.2"
"e96498ed8daaa3e9c23f7a62da76591c","0.85","3.9"
"099095b050cfe8eb1ddff5317587e96e","0.85","3.0"
"5b8154610ebb21fb90eb587365e673df","0.85","4.2"
"b561927807645834b59ef0d16ba55a24","0.85","4.3"
"13f57c12a00ed4610db646b913a7f5c6","0.85","4.8"
"bc07d855eac23aab5ac8a120f21d16b2","0.85","4.2"
"e62b2d6ac10570a035a30bafcf01d263","0.86","3.8"
"1ca7077d890b907f89be8c954a02686a","0.86","2.2"
"ffeee66ac5d5a62fe688b9d26f83f534","0.86","4.2"
"28f10b1c5e5abb9d4857745bede6147c","0.86","4.0"
"d97df38225e5abadaff1e72cb72b823c","0.86","3.9"
"a1474fd46fd3430168f7ec202da39408","0.86","4.4"
"2156f2671501a81034d7d07f217609d0","0.86","3.9"
"5b07547f10dd980738a1a27f685af669","0.86","4.5"
"f63d8f293af3a6454377546bd9dd19ff","0.86","3.8"
"05f51e13da97139648b8125c31e5f51b","0.86","4.1"
"7b1222c3624aa89b9558b50a2594188c","0.86","4.5"
"900ba814c251a692506d7834c1218441","0.86","4.2"
"6f229cc508fc6915ed5c499efd93baa4","0.86","4.4"
"432c37c9dfba871172ec162e20118b8c","0.86","4.2"
"0ed6ce5d87fd9c69eaacaeb778d67235","0.86","4.4"
"b17b679f4f5ce2e03ce6968c62648246","0.86","3.6"
"e8a85b5f3df47be0984c55fd4064dbb4","0.86","4.7"
"adcf50477d6a1f5d91bb9d54c4903cb5","0.87","3.1"
"082e0bf4cb865a6533b1e8e498cc0255","0.87","3.3"
"f08c008c8a8d31417763738a1788a2a8","0.87","3.1"
"440dd6ab244315c632130ecfb63827b1","0.87","3.9"
"8b8cfc8305aa441e4239358c9f6f2485","0.87","4.2"
"8b9d6eec4a7eb7d0f9d579ce0b38324d","0.87","4.1"
"d3f39f05462b79a4562d35893a28f159","0.87","3.4"
"244c2f1bff6afe1f2eaf9bfe9b2aed38","0.87","3.7"
"431af27f296bc6519d890aa5a05fdb11","0.87","3.8"
"323ce52b5b81df2cd804b017b7f09aa7","0.87","4.3"
"4e8dacf3d38f281ae26c3e0321d92d88","0.87","2.5"
"014c0679dd340a0e338872e7ec85666a","0.87","3.7"
"4aba391bc3b88717ce08eb11e44937b2","0.87","3.9"
"3771c85bac139d2344864ede5d9341e3","0.87","3.6"
"bce6a5ecf98e99fd2a8868b15c51f04b","0.87","4.1"
"238fac594e170b59c6d228f5a4f4f1d9","0.87","4.0"
"57c764b4a836300be881e2ff86e449f9","0.87","4.2"
"655220df33262c7e0c4949a147366f94","0.87","4.2"
"be8e909810184b9b19e886129149d8e5","0.87","3.7"
"adbc26658d6c7b4b6219f9d934598091","0.87","4.1"
"f918546be4bec7104d117789ba758b2b","0.87","3.8"
"ca4b77513ac2040591b0d8fae6958380","0.87","4.5"
"f7ba60f8c3f99e7ee4042fdef03b70c4","0.87","4.2"
"7139dc5186aa238b006e066d8fbab2e4","0.88","4.1"
"2d2c62bef4c8ba0dd74e0e228e808539","0.88","4.1"
"b33aaadd1a8891d2dfef0c4c3bdf0371","0.88","3.8"
"681fce914360217db47784ae28905a96","0.88","3.9"
"afa6714acee029b2dfdf357e5579cc03","0.88","4.1"
"c4fb51fb1c5b7c07bc5e67be6e7e8f6e","0.88","3.5"
"7aa4334be125fcdd2ba64b3180029f14","0.88","4.1"
"e89c4adbe7b1d0819dbb636e16461cf1","0.88","3.9"
"e3a386fc36e22064434e1fa256f6a9fa","0.88","4.2"
"7e1fb0a3ebfb01ffb3a7dae98bf3238d","0.88","4.1"
"53d00c40e32aeb924a84ce72b1af869d","0.88","4.4"
"3361277dc30b7cccdb0c286b24219756","0.88","4.2"
"218f991754f360af9c2daa5e0b8e990c","0.88","3.5"
"3935fe5fe0f82787a9dcb8deb62be09d","0.88","3.9"
"9906e7aa42a3c067b7c9a564d01c4320","0.88","4.1"
"1eade46fba20122dc4aefb379f8c636b","0.88","4.3"
"ff1fb4c404b2efe68b03350a8dc24122","0.88","4.1"
"0b35c634521043bf4b47e21547b99ab5","0.88","3.5"
"8f2ce03f928b567e3d56181ae20ae952","0.88","4.1"
"b5e3e38609125694d2ea2417522a60b7","0.88","4.4"
"855668e0971d4dfd7bef1b6a4133b41b","0.88","3.7"
"2e90cb1677d35cfe24eef47d441b7c87","0.88","4.0"
"cee48807215b30a12ca2ca10ffb5f250","0.88","3.7"
"bbaff50f3b708fda865918715276cd87","0.88","4.8"
"903037660cf848a717166eb7a06d616e","0.88","3.8"
"34056b8b55c1775a22af2331670a799c","0.88","4.0"
"a6fe7de3d16f6149ffe280349a8535a0","0.88","4.0"
"04aa0a1c5ce6b222003403a3e11c3cc0","0.88","3.5"
"048c2757535328e0d7dac690ad3c0aae","0.88","4.2"
"11305281b50fff20ae8bb473f8e11876","0.88","4.4"
"643214e62b870443ccbe55ab29a4dccf","0.88","4.4"
"77a515caa36327151d1cc6c32a9f00e1","0.88","4.4"
"ba143b05f0110f0dc71ad71b4466ce92","0.88","4.4"
"768a86e36ad6aae3d03ee3c6433d61df","0.88","4.6"
"23a0ffca143a15b9b5bbdb7d552f626a","0.88","4.0"
"610f72e407cdd7caaa2f8167b0163fd8","0.88","3.7"
"c794dab4928dd97beb41d05514441e86","0.88","4.4"
"8b28d096634035667e8263d57ba3368c","0.88","3.9"
"b1fc4f64df5a0e8b6913ab38803c57a9","0.88","3.8"
"e2aee0892199b1d92530e371abd825bf","0.88","3.8"
"b33e7c55446eabf8fe1a42d037ac7d6d","0.88","4.2"
"c8467937e403e76a8ee9f0ab13f6f5ef","0.88","4.1"
"891071be6ba827b591264c90c2ae8a63","0.88","3.7"
"54c04bdb5ec46762f8f08c7e8f86ed4a","0.89","4.3"
"1caf283236cd69af44cbc09a0a1e7d32","0.89","4.5"
"fd386aa7bed2af3c7035c65506c9b4a3","0.89","4.4"
"318f287a62ab7ac10b703ac37435a231","0.89","3.9"
"b2479f944e1b90cf8a5de1bbfde284d6","0.89","3.3"
"7586919161935337bf6b6d7ff5779648","0.89","3.2"
"7ad32824caee82087b3e2e5f33b1bf32","0.89","3.8"
"ec4608a1f76453166bb312b2968aeaf4","0.89","2.7"
"c31eff8334d6b3047ed34bebd4d62c36","0.89","3.9"
"0ffa40d54288e4f3499b8780dd0f144f","0.89","4.4"
"f3da5b2ff499efb8d4a6d371d175d7dd","0.89","3.8"
"59b22a78efb79a4797979612b885db36","0.89","4.0"
"75d34ebb1bd0bd7dde40dd507b8169c3","0.89","3.8"
"972d0f9cf61b499a4812cf0bfa3ad3c4","0.89","3.0"
"e81e1f9c3e762e620f3fb60a51499e16","0.89","3.8"
"4c8b8048e33af2bf94f2eb547746a916","0.89","3.1"
"23c38debaffe4a25a30fdbd9b586a13f","0.89","4.3"
"897060da8b9a21f655304d50fd935913","0.89","3.4"
"2eb70248d66e0e3ef83659f71b244378","0.89","2.7"
"cb5df0dcb9e280b1780e9d589889f2c7","0.89","2.6"
"14d7985702e72162bbf13b6beb74ab2b","0.89","4.3"
"056b4ada5bbc2c50cc7842547dda6b51","0.89","4.1"
"fffd5413c0700ac820c7069d66d98c89","0.89","3.9"
"b499c00f28f4b7069ff6550af8c1348a","0.89","4.1"
"c0563dd588b775f2e37747ef6ad6c92c","0.89","4.4"
"dd7ddc04e1b6c2c614352b383efe2d36","0.89","3.8"
"2089a6d640999f9b9141ac719b2af596","0.89","3.7"
"8b2492b7ff4468839593fafeed55bad9","0.89","3.9"
"863d2ebcd347ce4922de7a0f9a5581d6","0.89","3.9"
"406822777a0b9eb5c50e442dd4cd3ec5","0.89","4.3"
"7bac63f6603d382cc8d0832eb6c100a8","0.89","4.0"
"7d13fca15225358621be4086e1eb0964","0.89","4.0"
"6fd52c528dcb38be2eea044946b811f8","0.89","3.5"
"ad97a199236354e53fcd91a5a913e9a2","0.89","4.5"
"d7485b33791774c36108f8c69602d48d","0.90","3.7"
"9dd59e43f0c9f0553244e8f9c2fb247e","0.90","4.8"
"c3867b4666c7d76867627c2f7fb22e21","0.90","3.9"
"06579cb253ecd5a3a12a9e6eb6bf8f47","0.90","3.8"
"e8b4225284fbb02d16f200513f1f395d","0.90","4.2"
"0725b8c0f3f906e58f70cbe76b7c748c","0.90","3.6"
"1a932caad4f9d804097d7f8e615baed1","0.90","3.6"
"3f3486b61f45078d4f31ee5e43d8c5bb","0.90","4.3"
"7fdb0720c8d7c9075538b365dc8c3a22","0.90","2.4"
"4a3ca9315b744ce9f8e9374361493884","0.90","3.8"
"392e0502231ae2f8b29994ef6398cd77","0.90","4.2"
"56e361f411e38dcef17cdc2a3d99628b","0.90","4.5"
"20cb7c2fde3e5bf10f0bbe7394e1c6a9","0.90","3.8"
"42b729f859728f5079499127a9c2ef37","0.90","4.4"
"f1b93673502375d491780bb49d615dbc","0.90","2.7"
"f8201cab383e484733266d1906e2fdfa","0.90","4.1"
"9d39404483343dd55c7ae254494d8388","0.90","3.5"
"7ecd59e5e20407131822c1a68ac59c1f","0.90","4.5"
"8e6d7754bc7e0f22c96d255ebda59eba","0.90","3.0"
"a673821011d0cec28146ea42f5ab767f","0.90","3.9"
"3968920b9aa752ab98f7d5888c9252f2","0.90","4.1"
"8444e55c1f13cd5c179851e5ca5ebd00","0.90","3.1"
"4869f7a5dfa277a7dca6462dcf3b52b2","0.90","4.1"
"1782ce2db72c3dda627d5e7c898104e1","0.90","4.3"
"3db66a856d18a9cba7c9241fc5221c50","0.90","4.2"
"99eaacc9e6046db1c82b163c5f84869f","0.90","3.9"
"3df020b72d3d44b3af9d110fa3940b65","0.90","4.0"
"2d2322d842118867781fc737e96d59a1","0.90","4.9"
"5058e8c1e82653974541e83690655b4a","0.90","3.1"
"527801b552d0077ffd170872eb49683b","0.90","4.5"
"f5f46307a4d15880ca14fab4ad9dfc9b","0.90","4.0"
"a416b6a846a11724393025641d4edd5e","0.90","4.2"
"f46490624488d3ff7ce78613913a7711","0.90","3.5"
"04fdea0c111866e6cf812f1570d6b5bd","0.90","3.2"
"0176f73cc1195f367f7b32db1e5b3aa8","0.90","4.0"
"d3674f271c91f824f82d24d92011f669","0.90","4.1"
"4c498c7345e89aebad651544829beca0","0.90","4.3"
"fe1bbc5feda5c8979a8a1b3b2512d5a6","0.90","3.8"
"5b2e94f2c22b39ccc24d34ad0f669672","0.90","4.9"
"50c9975695009e5e6473912e83a6d1da","0.90","4.0"
"55c96925041a14097b6a7825554f4ad5","0.90","3.2"
"180c3376aff0e43dd5788709df48a843","0.90","4.7"
"b2ac621f0d0322434d04a12b078b9369","0.90","4.4"
"070d165398b553f3b4b851c216b8a358","0.90","3.5"
"1f1bb1f0859883505541bdd6606193e5","0.90","4.3"
"b127efdabeffb5d559349c7b172eb75d","0.90","4.8"
"0cbcee27c791afa0cdcb08587a2013a8","0.90","3.9"
"f12ff17ad8bbf01ec5c33b17e506649b","0.90","3.8"
"77530e9772f57a62c906e1c21538ab82","0.91","4.1"
"5a6a02f419701fc8c605af71d4fc57a4","0.91","4.8"
"d5ba419e26d246a0719437cf37d9b46d","0.91","3.8"
"f84fa566034f5e8e880a07ec624c56af","0.91","4.3"
"f84a00e60c73a49e7e851c9bdca3a5bb","0.91","3.7"
"a3e9a2c700480d9bb01fba070ba80a0e","0.91","4.0"
"1c40343cc5d18c2d8248ac2f3366de34","0.91","4.5"
"23d7c96d4a1160db1c726b248601b25a","0.91","3.8"
"b18871c324516afa228a13e8f1ef0ae9","0.91","4.0"
"6e0908ef4d4efadbc3cc2b74ea477cb0","0.91","4.1"
"f62d7bb4a613ec758a03342d46b580b2","0.91","4.4"
"31ae0774c17fabd06ff707cc5bde005f","0.91","4.0"
"6a0cbc8af2e8abd1bdfb777943d174c6","0.91","4.1"
"8bdd8e3fd58bafa48af76b2c5fd71974","0.91","4.5"
"e38db885400cd35c71dfd162f2c1dbcf","0.91","4.5"
"6562efe88ce0826a4ca4f189f03b4b84","0.91","4.0"
"6d988d6174a2c27441597174f8905515","0.91","4.3"
"4e17c65a516f69d023a2ae78b84f28d6","0.91","4.1"
"bb7a14e229b1c95156719c3d9552eeee","0.91","4.2"
"ef2fbc2b607d8492bcffe657a4645434","0.91","3.9"
"e9bc59e7b60fc3063eb2290deda4cced","0.91","3.9"
"dd533b429f380718b70ad9922c294bae","0.91","3.7"
"8648b1e89e9b349e32d3741b30ec737e","0.91","4.0"
"08d2d642cf72b622b14dde1d2f5eb2f5","0.91","4.4"
"6b536a23086fba0d58c08d68814397f6","0.91","3.9"
"9e6967d3cf386d284251784b18ccb485","0.91","3.6"
"b2c97074649f92197d9387d9033dda5f","0.91","4.6"
"d13e50eaa47b4cbe9eb81465865d8cfc","0.91","4.8"
"8e2b3afb420011ef0c88c9d5f11ea526","0.91","4.3"
"f4db9b37944bcb8873e6b456ee190bbf","0.91","4.5"
"6b3bd31ad8fcda4b2635ec9f3ff2ecdf","0.91","3.9"
"7f2617c58d5d06806987308b45654351","0.91","3.9"
"236585a4ddb5fea9fa40233e2249ed91","0.91","4.1"
"eb3071b9f0b0ddaa2df5ea130f09f26b","0.91","4.6"
"373ee4a3a775a733770ca3f790b8b9ac","0.91","4.0"
"70a12e78e608ac31179aea7f8422044b","0.91","3.8"
"4ba52dfeba874da5b9ee7b17c7494f04","0.91","4.4"
"f125f3a310c2e5f822d116147de1e474","0.91","4.4"
"b18dc380845b24038cfc48006478f099","0.91","3.9"
"aac29b1b99776be73c3049939652091d","0.91","3.9"
"7c67e1448b00f6e969d365cea6b010ab","0.91","3.3"
"f0b47fbbc6dee9aafe415a6e33051b3f","0.91","4.2"
"d1ef48b38baca7e831711c4a0aeb398f","0.91","4.4"
"634964b17796e64304cadf1ad3050fb7","0.91","3.9"
"a888faf2d1baececa6baf9c3d603ee1f","0.91","4.1"
"5c6d4016c2a288f074fa0848a2b653d2","0.91","4.1"
"fe701d88b67eaca109dffd464d1be9f9","0.91","4.0"
"1835b56ce799e6a4dc4eddc053f04066","0.91","3.6"
"c4fabeea6e569d42d02993bb1f4f1cbc","0.91","4.0"
"4677a5437afda5fa7140b927b07be1cc","0.91","4.4"
"0dd184061fb0eaa7ca37932c68ab91c5","0.91","4.0"
"e819bcfade7b5d88a27325eb6cfd62c5","0.91","3.5"
"2d50d6282f8aa2257819a77bfaa0efe0","0.91","3.6"
"23613d49c3ac2bd302259e55c06c050c","0.91","3.7"
"4e922959ae960d389249c378d1c939f5","0.91","3.9"
"c5f7feb04a6a1fb3596322bfc3cf1917","0.91","4.3"
"7d76b645482be4a332374e8223836592","0.91","3.9"
"5343d0649eca2a983820bfe93fc4d17e","0.91","3.6"
"7b0df942f46435babab05d49b744b2c4","0.91","4.4"
"ececbfcff9804a2d6b40f589df8eef2b","0.91","4.1"
"1690cada046eb7e92c12f98b1f8a8167","0.91","4.5"
"17908cf9b444ee34047cadd5c0f4a516","0.91","4.5"
"daeb5653dd96c1b11860f72209795012","0.91","4.1"
"9df5750209b83567ec144eb299d7d634","0.91","4.0"
"bc302730ea8cf49b5c74f579febb5bbf","0.91","3.8"
"52f0fe436a347ddad7ed5f9aa4e27eaa","0.91","3.3"
"3ade81dab5a172b88e1871c28ae05260","0.91","4.1"
"615005a3ef192c00c6f0e977cee3d2bc","0.91","3.9"
"6ddc28b61be28373b4503a1f61cf98a9","0.91","4.2"
"fa1c13f2614d7b5c4749cbc52fecda94","0.91","4.3"
"e9d99831abad74458942f21e16f33f92","0.91","3.9"
"165fc07beebdcb6190fba8a06db2a449","0.91","3.7"
"2745f798279e0ed033addcc1474776d7","0.91","4.0"
"8b321bb669392f5163d04c59e235e066","0.91","4.0"
"13d058e4eeac2ce8217660b2f8a05812","0.91","4.2"
"ec80e49e69745ab6c14f984bf2149423","0.92","4.0"
"00720abe85ba0859807595bbf045a33b","0.92","3.7"
"3b15288545f8928d3e65a8f949a28291","0.92","3.9"
"9646c3513289980f17226a2fc4720dbd","0.92","4.3"
"977f9f63dd360c2a32ece2f93ad6d306","0.92","3.8"
"78c99c6dff4eeae5be99bf635ed21e3f","0.92","4.3"
"7357b52d27cbaa90f81a96cbc1279396","0.92","4.3"
"562f8cfc51f265411f487d07e9c40e7f","0.92","4.5"
"5ab05b6d86d417796c69ffd6774ec832","0.92","3.7"
"058cb5aeb36d7c0fcae20fc85d5e0a59","0.92","3.4"
"5d0363b33554b373851fc1622e4d5f3c","0.92","4.1"
"218d46b86c1881d022bce9c68a7d4b15","0.92","4.1"
"db2956745b3a8e9f3785c99f34b5d25e","0.92","3.7"
"f181738b150df1f37cb0bd72e705b193","0.92","4.5"
"d71d863e5ef30d94e440c11be17dcd8f","0.92","3.2"
"b14db04aa7881970e83ffa9426897925","0.92","3.8"
"17f51e7198701186712e53a39c564617","0.92","4.3"
"87b740daf17b5d1be335a64164ec6842","0.92","3.3"
"a36b125ac6d5fdbc7f50de85c9157bdc","0.92","4.0"
"6e864f5c4669eff3d98140a07cc50202","0.92","4.5"
"93dc87703c046b603023e75222018b45","0.92","4.0"
"8cc6a0e5738e61a87b03c78b2ba9db4b","0.92","4.2"
"1d8dbc4f32378d715c717c1c1fc57bae","0.92","3.9"
"cfe94489ddd337d1e29e12f2a7205d10","0.92","4.1"
"8476243f92442881ddd5b578975cf115","0.92","4.1"
"26d8a1c7c75d513045798992ead43aa2","0.92","4.2"
"522620dcb18a6b31cd7bdf73665113a9","0.92","3.9"
"ef506c96320abeedfb894c34db06f478","0.92","3.9"
"4c2b230173bb36f9b240f2b8ac11786e","0.92","3.8"
"bd1d49a326abfa9b1036772e40445430","0.92","3.8"
"ce7d1888639e6fb06b2749cbfdac1ff7","0.92","4.1"
"76d5af76d0271110f9af36c92573f765","0.92","4.1"
"058fd0aa2bfdb2274e05e1ae971dabb6","0.92","4.4"
"fb89df7f89fd1b8f03fa2acca1ba7364","0.92","3.8"
"2f09f7d37a97956d11cc1a7cadd5262b","0.92","3.1"
"cfb1a033743668a192316f3c6d1d2671","0.92","3.9"
"f615fe7efbef0f4f08fd3086bc7a3e60","0.92","4.4"
"e7df4cd29ab5abab70fb0783ddb53987","0.92","4.3"
"723cd880edaacdb998898b67c8f9da30","0.92","4.2"
"b8630e1121437d41cb08e3c749c2c2e2","0.92","4.3"
"729f06993dac8e860d4f02d7088ca48a","0.92","4.3"
"1f50f920176fa81dab994f9023523100","0.92","4.0"
"39d54ff918774174706fb065d7f9dc07","0.92","3.8"
"fe2032dab1a61af8794248c8196565c9","0.92","4.4"
"c3acdfac4e3e97ff87529454fbc03642","0.92","4.3"
"acadd4d36859671cb635527c6c977533","0.92","4.3"
"1d29dfba02015238dfbe2449a5eaa361","0.92","4.5"
"1336efc61c316ddf92c899eb817f7cae","0.92","3.9"
"1cbd32d00d01bb8087a5eb088612fd9c","0.92","4.3"
"ea8482cd71df3c1969d7b9473ff13abc","0.92","4.0"
"0afccdb8a34ee5c79f7c06faf2b4d56e","0.92","4.0"
"198c7ea11960a9844b544d9bcdca860c","0.92","3.9"
"37515688008a7a40ac93e3b2e4ab203f","0.92","4.1"
"7ddcbb64b5bc1ef36ca8c151f6ec77df","0.92","3.9"
"cbd996ad3c1b7dc71fd0e5f5df9087e2","0.92","4.1"
"d51e0a403fe2e689ece6c73359d96e12","0.92","4.2"
"8629c241b3622ac12cd4118afdc8d394","0.92","4.1"
"16090f2ca825584b5a147ab24aa30c86","0.92","4.0"
"f5f1f2c5f923f36ad79ea1d07185ddc9","0.92","3.1"
"4be6b962d83299498bae2190f95d6566","0.92","4.2"
"40db9e9aa57f7bb151bcda6b0f9bdbb7","0.92","2.4"
"c7fdb77fdbff3c41981bc52f787e959e","0.92","3.3"
"5d9dc90a686a8fddacffab6bab5653a3","0.92","4.2"
"8090490573c6c0aa343a7231ebcb8c86","0.92","4.2"
"0887a9f087bcd5d9f6642b52f897fc6c","0.92","4.4"
"391fc6631aebcf3004804e51b40bcf1e","0.92","4.0"
"6b333a05bf188ef3e1f1662a86bd9855","0.92","4.4"
"0a85ebe4e328db81ac9109781205e2f7","0.92","4.6"
"3d5d0dc7073a299e31fa718ce1bc00b6","0.92","4.2"
"7c4618c82226628831613e95e9c22f44","0.92","4.1"
"6f892e20a171e98efe17fdb971ff319b","0.92","3.7"
"bc47d5d1490df2b36add65d733eafaba","0.92","3.3"
"de9727ca376d1be6ec121b110aa7954c","0.92","3.8"
"715bbd5ba4e6b74cb0d2f29eb45058b0","0.92","4.5"
"97512d3fc193b2d1dfcdba0f9d1f0f8a","0.92","4.3"
"1660ad786c27fd935378b6192a90b417","0.92","4.6"
"7681ef142fd2c19048da7430856b5588","0.92","4.1"
"9c0e69c7bf2619675bbadf47b43f655a","0.92","4.0"
"8581055ce74af1daba164fdbd55a40de","0.92","4.2"
"f61c63d13f7cd800549d5acdd390ae72","0.92","4.0"
"cd3d09fbe6e3e9ff0c0ac0c300e93ae7","0.92","4.2"
"f27e33c6d29b5138fa9967bcd445b6d5","0.92","4.1"
"620c87c171fb2a6dd6e8bb4dec959fc6","0.92","4.2"
"784ba75dd9d20200c4caed3d7a77141a","0.92","3.6"
"87d3c3aeb3ead335511b3ce315eb341e","0.93","3.5"
"54a1852d1b8f10312c55e906355666ee","0.93","4.3"
"aba1721a889e04decc910aa13b768ef4","0.93","4.5"
"fcdd820084f17e9982427971e4e9d47f","0.93","3.3"
"0ac4201fda2c68ebc0e47cb9423cf3c9","0.93","4.3"
"f262cbc1c910c83959f849465454ddd3","0.93","4.1"
"e59aa562b9f8076dd550fcddf0e73491","0.93","4.3"
"edf96ef93ed595084bbcbd9224bd2894","0.93","3.8"
"70c27847eca8195c983ed7e798c56743","0.93","4.2"
"c847e075301870dd144a116762eaff9a","0.93","4.2"
"bd0389da23d89b726abf911cccc54596","0.93","4.2"
"820cc752a266cdc6c1a1e61dd4583330","0.93","4.1"
"31da954dc0855f2495c6310f70a2f931","0.93","4.2"
"e24fc9fcd865784fb25705606fe3dfe7","0.93","4.2"
"b9ca8e8baa5d4aa038394a700f63e69f","0.93","4.2"
"004c9cd9d87a3c30c522c48c4fc07416","0.93","4.1"
"4de6e4ba574aa9dfdc824bc44dc47fdd","0.93","4.1"
"e5a38146df062edaf55c38afa99e42dc","0.93","4.0"
"de23c3b98a88888289c6f5cc1209054a","0.93","4.3"
"b6e1504972665f739dec4facb9943775","0.93","4.4"
"c826c40d7b19f62a09e2d7c5e7295ee2","0.93","4.0"
"a4b6b9b992b46e9ef863637af96e04bc","0.93","2.6"
"e5e33c0d8e7e002f398f5dc4cbbb338f","0.93","4.3"
"411f3b52d857390502ee4e4d5ceabc2d","0.93","4.3"
"f214d28e8d8e3ef068748498ccc2f813","0.93","4.0"
"02f623a8eb246f3c5f7c2f96462654e6","0.93","4.6"
"8e8a7ce9f2f970dc00e2acf6f6e199f6","0.93","4.0"
"b8555308bfdb4ca1ed54325a58da9a97","0.93","4.1"
"2a6fbeaa7ab9e5d59a35841a8da71ce4","0.93","3.9"
"6860153b69cc696d5dcfe1cdaaafcf62","0.93","4.2"
"624f4ece8da4aafb77699233d480f8ef","0.93","4.2"
"04308b1ee57b6625f47df1d56f00eedf","0.93","3.9"
"ad420dd0c4f92f8af951ac24b86d0cf5","0.93","4.2"
"48436dade18ac8b2bce089ec2a041202","0.93","4.0"
"edb1ef5e36e0c8cd84eb3c9b003e486d","0.93","4.4"
"7901646fdd36a55f564ffaf2dbccaaf7","0.93","4.4"
"dc4a0fc896dc34b0d5bfec8438291c80","0.93","3.7"
"c89cf7c468a48af70aada384e722f9e2","0.93","4.0"
"c6a7539d424a8402232c2228d7a03c5e","0.93","2.6"
"17e34d8224d27a541263c4c64b11a56b","0.93","4.1"
"213b25e6f54661939f11710a6fddb871","0.93","3.8"
"7040e82f899a04d1b434b795a43b4617","0.93","3.5"
"df560393f3a51e74553ab94004ba5c87","0.93","3.7"
"6e386f64c84e482f0b9abf960797ee1b","0.93","4.6"
"4559697a8f7e637227c2eeaed843baff","0.93","4.1"
"a420f60ff1aa9acc80d0e42959f2b313","0.93","3.9"
"5a413ade68e8f8d93071a7f52a64cb9e","0.93","4.6"
"6a8b085f816a1f75f92dbac6eb545f8f","0.93","4.1"
"2953ce3a88f5e3c3b696d77fc9e4c8eb","0.93","4.7"
"f7ccf836d21b2fb1de37564105216cc1","0.93","3.8"
"7142540dd4c91e2237acb7e911c4eba2","0.93","4.0"
"271c58a1d139c45eaf3316107c6d3a3b","0.93","4.1"
"c273175f7c6c80fb02f051e2fc6d0d72","0.93","3.8"
"45213867cefbf2cd4c6177e10216a951","0.93","3.9"
"5a425cc503b39b262a847fd6212bf53b","0.93","4.2"
"1ce3ae5a399804d1a87e706f8a813c3e","0.93","3.7"
"8d79c8a04e42d722a75097ce5cbcf2ef","0.93","4.5"
"c8b0e2b0a7095e5d8219575d5e7e1181","0.93","4.0"
"d673a59aac7a70d8b01e6902bf090a11","0.93","4.0"
"ce248b21cb2adc36282ede306b7660e5","0.93","4.2"
"ef0ace09169ac090589d85746e3e036f","0.93","4.3"
"1025f0e2d44d7041d6cf58b6550e0bfa","0.93","3.8"
"f5a590cf36251cf1162ea35bef76fe84","0.93","4.2"
"c013e57c075a06e5b5c48ee03c525719","0.93","4.2"
"6fc26fe110feebd80a433e1f012a84f9","0.93","4.0"
"66922902710d126a0e7d26b0e3805106","0.93","4.5"
"7c1fea10b5b006671d608b1d7c446ec4","0.93","4.0"
"7b7f91e98f8c6def45a1407923304402","0.93","3.5"
"c9c7905cffc4ef9ff9f113554423e671","0.93","4.2"
"980640c45d7a4635885491d077167e4d","0.93","4.6"
"76ea5315acb3f5f7ade3cd261faf922a","0.93","4.3"
"0747d5bb69f0586cc869d8af4c50f93e","0.93","3.5"
"e067ad2c1c0b48758eb1b5228bcf7a68","0.93","4.1"
"6a8a889bde935bafa76d7848782dfaf9","0.93","3.9"
"b6dc74ed30f124f95227bed4e43a3bed","0.93","3.9"
"5b33b527da3c5b969cc99dc435cad09a","0.94","4.1"
"0be8ff43f22e456b4e0371b2245e4d01","0.94","3.9"
"e06f09ec0a4aca210779cf1cfc63cf19","0.94","4.0"
"d1c281d3ae149232351cd8c8cc885f0d","0.94","3.8"
"25c5c91f63607446a97b143d2d535d31","0.94","3.7"
"63ffcb71394dd8ea3872ed9ffda17c74","0.94","3.2"
"04aba03279157f6d4e0fe8ccaf21963c","0.94","4.3"
"7a425d299613df3e613bcf9d2eaf5c49","0.94","4.1"
"82e0a475a88cc9595229d8029273f045","0.94","3.3"
"e8f6dc8e6a1dcde89d20e3995c8d90b3","0.94","3.4"
"382229d1e840115ffe3dbf5ff460e417","0.94","4.3"
"2e1c9f22be269ef4643f826c9e650a52","0.94","4.2"
"5656537e588803a555b8eb41f07a944b","0.94","3.8"
"dbdd0ec73a4817971d962698f2fea022","0.94","4.4"
"1554a68530182680ad5c8b042c3ab563","0.94","4.2"
"99002261c568a84cce14d43fcffb43ea","0.94","3.7"
"3be634553519fb6536a03e1358e9fdc7","0.94","3.9"
"951e8cef368f09bb3f3d03c00ca4702c","0.94","4.1"
"955fee9216a65b617aa5c0531780ce60","0.94","4.1"
"1da366cade6d8276e7d8beea7af5d4bf","0.94","3.9"
"1d503743d2526f03f0c2c89540ee008c","0.94","4.2"
"17306570e772e7718c92a562d33f5f1d","0.94","3.6"
"ed8cb7b190ceb6067227478e48cf8dde","0.94","3.2"
"989becdce12ebc39863c2bceab6f3ca1","0.94","4.6"
"a6bd7d1ccdac48c6b33b28596b7eb122","0.94","3.3"
"70eea00b476a314817cefde4aad4f89a","0.94","4.4"
"bba3293d6f5d5af2f415e004e8b93ae3","0.94","4.3"
"f5f2ab9bdb6b30c14c61be68c5ed37da","0.94","4.3"
"c9aafcd0621b2207c10e32c649cada4d","0.94","4.0"
"9b00ed88b7fdb95d6ff76e27c1b52d16","0.94","4.5"
"cd6efc47efaabf134f8bdb654e10b4f1","0.94","4.5"
"834f3294fba9f932f56edc879193f925","0.94","4.5"
"da7039f29f90ce5b4846ffc0fcc93beb","0.94","4.6"
"ccc4bbb5f32a6ab2b7066a4130f114e3","0.94","4.3"
"c679fb69a36e1d8349e8c50a217b4d58","0.94","3.6"
"4c18691b6037662be2df78a765d98ab5","0.94","3.8"
"d4e12e7884759a14fa0f5f896c791cae","0.94","4.6"
"157c3e4b42f81ac4a44e8b1ca2fe9876","0.94","4.0"
"7e3f87d16fb353f408d467e74fbd8014","0.94","4.1"
"b335c59ab742f751a85db9c411a86739","0.94","3.7"
"4b9750c8ad28220fe6702d4ecb7c898f","0.94","4.4"
"7a241947449cc45dbfda4f9d0798d9d0","0.94","3.6"
"128f9bfbe4c7d5185033914b1de3d39a","0.94","4.8"
"2bf6a2c1e71bbd29a4ad64e6d3c3629f","0.94","4.2"
"f4aba7c0bca51484c30ab7bdc34bcdd1","0.94","3.9"
"1900267e848ceeba8fa32d80c1a5f5a8","0.94","3.9"
"6a51fc556dab5f766ced6fbc860bc613","0.94","3.9"
"fbc14c0cf93505ef89f64665ffa4a7b5","0.94","4.2"
"2a7dc43cecabf23403078e2188437d1d","0.94","4.1"
"15cd6eefe58588619aaed41dfa6621b1","0.94","4.3"
"6d803cb79cc31c41c4c789a75933b3c7","0.94","4.3"
"fe49ee029e61e789a1f3a5525f57ba8d","0.94","4.1"
"9d7a1d34a5052409006425275ba1c2b4","0.94","3.8"
"d6b1ce66b035a475f00c017792ff9769","0.94","4.2"
"f80edd2c5aaa505cc4b0a3b219abf4b8","0.94","4.1"
"96493fab2fbb13a14d0c0e8772eef5c3","0.94","4.0"
"00ee68308b45bc5e2660cd833c3f81cc","0.94","4.3"
"2be17df1c49978426251562096c3cc09","0.94","4.2"
"6d66611d7c44cc30ce351abc49a68421","0.94","3.9"
"3c7c4a49ec3c6550809089c6a2ca9370","0.94","3.7"
"7ea5bfa6c340f58f8e71fc1f0412b0d6","0.94","4.1"
"2646baaf662d4d92ac48f047e35db92d","0.94","4.6"
"dfc5fb7259bb2b599ca565e6e9448f0f","0.94","4.1"
"6bb0724edf0b62fb91ac404873a97241","0.94","4.5"
"8f54d64f28a993550aa7943f12572959","0.94","3.8"
"d2e753bb80b7d4faa77483ed00edc8ca","0.94","3.6"
"4a3ccda38b2129705f3fb522db62ca31","0.94","3.7"
"4324dd16853115efb0fd9d0d131ba6f4","0.94","4.3"
"87d30a6a0cbf89356e49324971ab1d24","0.94","4.4"
"827f8f69dfa529c561901c4f2e0f332f","0.94","4.3"
"f45122a9ab94eb4f3f8953578bc0c560","0.94","3.9"
"4371b634e0efc0e22b09b52907d9d469","0.94","4.4"
"1fdc574883ef3b33ad41562d93f3a74a","0.94","4.4"
"1987cd4be10fe09ee50454f9c354d1c6","0.94","4.3"
"dc8798cbf453b7e0f98745e396cc5616","0.94","3.1"
"165b1235e9e9942cb5fae67103576fb0","0.94","4.3"
"1bb2bdb95f4841f1bba2c0d2cd83d3c9","0.94","4.6"
"a2b5b6105ea5942300631d2e76f4ffe0","0.94","4.8"
"d05ae8f7a5bd1d2a690a44cd079e4e27","0.94","3.8"
"e9779976487b77c6d4ac45f75ec7afe9","0.94","4.2"
"ffc470761de7d0232558ba5e786e57b7","0.94","4.3"
"8d956fec2e4337affcb520f56fd8cbfd","0.94","4.2"
"5b925e1d006e9476d738aa200751b73b","0.94","4.6"
"5b179e9e8cc7ab6fd113a46ca584da81","0.94","3.5"
"da8622b14eb17ae2831f4ac5b9dab84a","0.94","4.1"
"c12b92bf1c350f3e6bf88d3596219c86","0.94","3.9"
"8a130737016f838139d31878787a39c9","0.94","4.4"
"b2ba3715d723d245138f291a6fe42594","0.94","4.1"
"4830e40640734fc1c52cd21127c341d4","0.95","4.1"
"6560211a19b47992c3666cc44a7e94c0","0.95","3.9"
"fdb9095204a334cd8872252ffec6f2db","0.95","4.1"
"3dbbce181edfaa4a597ec858c382d2ec","0.95","4.4"
"45d33f715e24d15a6ccf5c17b3a23e3c","0.95","4.0"
"63b464dbf392c7b80d12d932fa7cafed","0.95","3.7"
"d101c6da914ae3d53f7bee42283f2fe2","0.95","4.0"
"ba90964cff9b9e0e6f32b23b82465f7b","0.95","4.4"
"bf84056e679dbe9c69929847a40e338f","0.95","3.7"
"5dceca129747e92ff8ef7a997dc4f8ca","0.95","4.0"
"f1ed6bd0a9b11b581f16c851c6a5a527","0.95","4.4"
"33c51922b6e3c16b24a8f28e5833c99d","0.95","4.3"
"d9bd94811c3338dceb4181f3dbc0c73e","0.95","4.8"
"a1043bafd471dff536d0c462352beb48","0.95","4.2"
"d9a84e1403de8da0c3aa531d6d108ba6","0.95","4.6"
"83deb69e889cf80f82be1dc6d5f2d486","0.95","4.4"
"fa40cc5b934574b62717c68f3d678b6d","0.95","4.4"
"b4f8921fcc4ff77b66bea6dda43dcd51","0.95","4.6"
"b6d44737c043328708f6749c2dbe50bd","0.95","4.5"
"412a4720f3e9431b4afa1476a1acddbe","0.95","4.3"
"67bf6941ba2f1fa1d02c375766bc3e53","0.95","4.0"
"31344c16881c08a8a72c6d2eb29918c1","0.95","4.3"
"8f119a0aee85c0c8fc534629734e94fd","0.95","4.2"
"e5475dcab1e07b63d7f6e902d8f5eda8","0.95","4.1"
"3586b8580d9c917874e053a1bb37b5ff","0.95","4.4"
"a17f621c590ea0fab3d5d883e1630ec6","0.95","4.1"
"b4a476fbd28de64b1e347abf9089366a","0.95","3.8"
"bfd27a966d91cfaafdb25d076585f0da","0.95","4.3"
"44073f8b7e41514de3b7815dd0237f4f","0.95","3.8"
"46dc3b2cc0980fb8ec44634e21d2718e","0.95","4.2"
"45ba18c210d42734ec52c0c1c574e9ee","0.95","3.8"
"3ab971ce71839580d2ae5b4e40fe8044","0.95","3.9"
"3d871de0142ce09b7081e2b9d1733cb1","0.95","4.1"
"f8db351d8c4c4c22c6835c19a46f01b0","0.95","4.2"
"c70c1b0d8ca86052f45a432a38b73958","0.95","4.3"
"503c1de08ae81a2d86f17951b204db55","0.95","4.4"
"59fb871bf6f4522a87ba567b42dafecf","0.95","4.2"
"4342d4b2ba6b161468c63a7e7cfce593","0.95","1.3"
"ce69a8021d18961dd2a40269b7c2c293","0.95","4.5"
"d25aa0aaacb370e912f8cf6efeba38b3","0.95","4.5"
"542917da124346b47ea1ac79a93ce454","0.95","4.2"
"cc419e0650a3c5ba77189a1882b7556a","0.95","4.1"
"6288c69c4ce638e59925e59193f98b16","0.95","4.0"
"850f4f8af5ea87287ac68de36e29107f","0.95","4.3"
"808d4348b916efa08e766ebad39f61eb","0.95","4.4"
"8cbac7e12637ed9cffa18c7875207478","0.95","4.1"
"01fdefa7697d26ad920e9e0346d4bd1b","0.95","4.3"
"67883baaae6134ee81b271a542613728","0.95","4.1"
"d354c38a7182125a748cb10474fe963b","0.95","4.3"
"870d0118f7a9d85960f29ad89d5d989a","0.95","4.1"
"d9442042130b7fe579d1295f9f4a248f","0.95","4.2"
"9dda5bbacd45e18d6485fee649205d09","0.95","4.2"
"f97e2b0650c2068227e1d366140eb62f","0.95","3.7"
"430315b7bb4b6e4b3c978f9dfa9b0558","0.95","4.0"
"b56906f7fd1696e043f1bcce164c487b","0.95","4.0"
"1f9ab4708f3056ede07124aad39a2554","0.95","4.1"
"9bcdfa7b615b3abb9461d9e3ad9886ae","0.95","4.6"
"1b8b75e227c9a9c100d0c210fb6176ce","0.95","3.4"
"994f04b3718c2bab35c2adfa8afecd2a","0.95","4.3"
"dc317f341ab0e22f39acbd9dbf9b4a1f","0.95","4.1"
"d2374cbcbb3ca4ab1086534108cc3ab7","0.95","3.6"
"c35672b10ad50968f567ea3f4b91e877","0.95","4.5"
"0c8380b62e38e8a1e6adbeba7eb9688c","0.95","4.0"
"001cca7ae9ae17fb1caed9dfb1094831","0.95","3.9"
"05d2173d43ea568aa0540eba70d2ca76","0.95","4.0"
"2e3be8a987a30d7544dbbda6861cc14e","0.95","3.1"
"d650b663c3b5f6fb392b6326366efa9a","0.95","4.2"
"55f7a3319d80f7fdf078b8f03e6725fe","0.95","3.8"
"b94cc9f10ddc85e4ba73a6f7974e7101","0.95","4.3"
"6aa3928696eab49a19a466e665a649fd","0.95","4.5"
"53e4c6e0f4312d4d2107a8c9cddf45cd","0.95","4.0"
"1127b7f2594683f2510f1c2c834a486b","0.95","4.1"
"66fd84ee7528c0c0de85d0f44a73d5ab","0.95","2.9"
"75fbb52eda0cbc24f479d3b2fbfa8d3e","0.95","4.4"
"dd2bdf855a9172734fbc3744021ae9b9","0.95","3.8"
"8e6cc767478edae941d9bd9eb778d77a","0.95","3.9"
"af3ef48d0e13835e529c29ac573c63e5","0.95","3.8"
"f4c4daa86e30c7e5a553a8d518ac03a5","0.95","3.7"
"179d859f51292aac5c10806a356f7af9","0.95","4.3"
"5670f4db5b62c43d542e1b2d56b0cf7c","0.95","4.4"
"8a32e327fe2c1b3511609d81aaf9f042","0.95","3.8"
"670c26e0f1bf8d0576271d5cfaec6d2b","0.95","4.3"
"ea00f977a203ff88adf7057cb7806998","0.95","4.1"
"5f2684dab12e59f83bef73ae57724e45","0.95","3.8"
"e63e8bfa530fb16910dd6956e592bb81","0.95","4.3"
"eb5b6204dde3a6e03b5f1bb8479f055b","0.95","3.9"
"d03698c2efd04a549382afa6623e27fb","0.95","4.5"
"09f952a5f58d2285b0372551ae8f9b01","0.95","3.9"
"ceaec5548eefc6e23e6607c5435102e7","0.95","4.1"
"08633c14ef2db992c11f840f04fad4cd","0.95","4.2"
"4992e76a42cb3aad7a7047e0d3d7e729","0.95","3.8"
"43f8c9950d11ecd03a0304a49e010da6","0.95","4.6"
"c003204e1ab016dfa150abc119207b24","0.95","4.4"
"17a053fcb14bd219540cbde0df490be0","0.95","4.2"
"7a67c85e85bb2ce8582c35f2203ad736","0.95","4.2"
"e24d3429d294b2eb200b064ebb035879","0.95","4.1"
"f457c46070d02cadd8a68551231220dd","0.95","3.8"
"b39d7fe263ef469605dbb32608aee0af","0.96","3.8"
"82bd0703a4aefd6b599e5bfdaed378fb","0.96","3.6"
"04e38a233f726ef161074ab1c9b0399a","0.96","3.8"
"0adac9fbd9a2b63cccaac4f8756c1ca8","0.96","3.9"
"dbb9b48c841a0e39e21f98e1a6b2ec3e","0.96","4.2"
"a5a1bfcf728ab0e19182959cf0771ee4","0.96","4.3"
"093805f8f2aeb63881444571e1f48f30","0.96","3.8"
"20d83f3ef0e6925fd74bfd59170babf7","0.96","4.4"
"710e3548e02bc1d2831dfc4f1b5b14d4","0.96","3.4"
"282f23a9769b2690c5dda22e316f9941","0.96","4.3"
"c66dccfb3f109511246da627dd5a2498","0.96","4.5"
"813348c996469b40f2e028d5429d3495","0.96","4.0"
"df56d7b40d437f88407c5f78b63bc328","0.96","3.9"
"9d4db00d65d7760644ac0c14edb5fd86","0.96","4.5"
"7299e27ed73d2ad986de7f7c77d919fa","0.96","4.4"
"6edacfd9f9074789dad6d62ba7950b9c","0.96","4.4"
"343e716476e3748b069f980efbaa294e","0.96","4.0"
"7008613ea464bad5cb9b83456e1e6a8f","0.96","4.3"
"f7720c4fa8e3aba4546301ab80ea1f1b","0.96","4.2"
"41b39e28db005d9731d9d485a83b4c38","0.96","4.1"
"87142160b41353c4e5fca2360caf6f92","0.96","4.4"
"dbd66278cbfe1aa1000f90a217ca4695","0.96","4.5"
"db4350fd57ae30082dec7acbaacc17f9","0.96","4.1"
"2138ccb85b11a4ec1e37afbd1c8eda1f","0.96","3.9"
"701938c450705b8ae65fc923b70f35c7","0.96","3.8"
"a3f0b55de503387383c7b1de3ad7f678","0.96","4.4"
"688756f717c462a206ad854c5027a64a","0.96","3.8"
"080102cd0a76b09e0dcf55fcacc60e05","0.96","4.5"
"00fc707aaaad2d31347cf883cd2dfe10","0.96","3.7"
"640e21a7d01df7614a3b4923e990d40c","0.96","4.3"
"af4a0e4cfe1d9c26b6712b1be25a72e5","0.96","3.5"
"1dc2de47ee26a0a5b12dc14fd6dc0dea","0.96","4.5"
"d50d79cb34e38265a8649c383dcffd48","0.96","4.2"
"113e3a788b935f48aad63e1c41dac1bd","0.96","4.4"
"52d76513f0c4d97f3b99570e2c94ee31","0.96","3.9"
"dee656f0f566ed1aa85bd137c943f08f","0.96","4.4"
"cd06602b43d8800bd0afad514919d35c","0.96","3.7"
"0241d4d5d36f10f80c644447315af0bd","0.96","4.3"
"1da3aeb70d7989d1e6d9b0e887f97c23","0.96","4.1"
"0509040ea3fe50071181bbc359eb7738","0.96","4.5"
"d91fb3b7d041e83b64a00a3edfb37e4f","0.96","4.1"
"4d6d651bd7684af3fffabd5f08d12e5a","0.96","4.2"
"cca3071e3e9bb7d12640c9fbe2301306","0.96","3.9"
"5a8e7d5003a1f221f9e1d6e411de7c23","0.96","4.2"
"afe0067131b73e40875c9b6c10bd2e21","0.96","4.2"
"276677b5d08786d5dce7c2149dcce48b","0.96","3.8"
"abcd2cb37d46c2c8fb1bf071c859fc5b","0.96","4.3"
"1fe5540d7c1c37a595fefbacd5570d9e","0.96","4.3"
"79ebd9a61bac3eaf882805ed4ecfa12a","0.96","4.0"
"730937bf88cb151eb2eb849f642fc213","0.96","4.4"
"cb3dd9ce66268c7a3ca7241ac70ab58c","0.96","4.2"
"aafe36600ce604f205b86b5084d3d767","0.96","4.4"
"0691148aee60ca47977c187804f935ae","0.96","4.0"
"2e13c71026e1a39ba5cc1b86dcb679aa","0.96","4.3"
"750303a20e9c56b2a6bc45cdce0b897d","0.96","4.3"
"25cf099de44674fde97473224f9d59ab","0.96","4.3"
"2dee2ce60de9709b1a24083217181a1f","0.96","4.4"
"1b4c3a6f53068f0b6944d2d005c9fc89","0.96","4.1"
"669ae81880e08f269a64487cfb287169","0.96","4.1"
"f0837c8d71434931d9e38e7b79234797","0.96","4.6"
"b32be1695eb7ec5f10f72d9610a12527","0.96","4.1"
"c33847515fa6305ce6feb1e818569f13","0.96","3.7"
"0db783cfcd3b73998abc6e10e59a102f","0.96","4.2"
"d624126b9206f595fb3fbb6ba03b28a8","0.96","4.3"
"7b07b3c7487f0ea825fc6df75abd658b","0.96","4.3"
"e333046ce6517bd8bb510291d44f0130","0.96","4.4"
"0d33a55da925bbf1ff02af5f6059fc7f","0.96","4.5"
"ed4311e67debd72b8610a5347a743087","0.96","4.5"
"10076e5788b8ee532724bcd460baf762","0.96","4.6"
"7dc8c42cc750eeafea6c85712ffee9bf","0.96","4.3"
"a3a38f4affed601eb87a97788c949667","0.96","4.4"
"a938325a4b357fd23a6a4d5bb126408e","0.96","3.9"
"94144541854e298c2d976cb893b81343","0.96","4.3"
"5f3ae9136c875522250f8184f253413a","0.96","4.6"
"128639473a139ac0f3e5f5ade55873a5","0.96","4.2"
"0c7533c71df861ec58ad7ff999ed0e8d","0.96","4.0"
"eeb6de78f79159600292e314a77cbd18","0.96","4.4"
"ccf8813e5a7d6c84d865cd38bfc2b130","0.96","4.4"
"7202e2ba20579a9bd1acb29e61fe71f6","0.96","3.8"
"ce616e1913288884e7742faac9d981db","0.96","4.7"
"e99e927c81e3f51739c94fcdfca9f10f","0.96","3.6"
"18a349e75d307f4b4cc646a691ed4216","0.96","3.4"
"f7496d659ca9fdaf323c0aae84176632","0.96","4.6"
"4e06067cc08b3f41d837768d392c3ee3","0.96","4.2"
"1c129092bf23f28a5930387c980c0dfc","0.96","4.2"
"7d456afc660226829370f3173d14520c","0.96","4.3"
"2528513dd95219a6013d4d05176e391a","0.96","3.9"
"cea729054f157f5870bdd321a958d994","0.96","4.2"
"4a1f694197d05fe70026b016a7316b41","0.96","4.4"
"9596c870880d900012f2e8e6e30d06d7","0.96","4.0"
"3a734b715d333a2588a3d54a0c9b8746","0.96","4.2"
"9de4643a8dbde634fe55621059d92273","0.96","4.5"
"b83cedfb587e7911540e3f576d6917ce","0.96","4.2"
"f789d2c4f2c2eb38fc4373e7a4b35264","0.96","4.2"
"92eb0f42c21942b6552362b9b114707d","0.96","3.9"
"a2e874074c877c5a05abae80ad6e488f","0.96","3.9"
"9f505651f4a6abe901a56cdc21508025","0.96","4.3"
"7c5b05cbdb5542049f38d90d7815b97d","0.96","4.4"
"066a6914e1ebf3ea95a216c73a986b91","0.96","4.0"
"81a1104df0f08b59c68aa5b03cfe398e","0.96","4.3"
"e84ad2127668df3aafc6b73531a0beb8","0.96","4.4"
"7e93a43ef30c4f03f38b393420bc753a","0.96","4.2"
"01cf7e3d21494c41fb86034f2e714fa1","0.96","4.2"
"1838dd9b8977065acf51d95e0053ea7a","0.97","4.2"
"e883aa812c37a7413226856f4579fe91","0.97","3.9"
"4ebdc7e6cd6102a022dadc49156d4ea8","0.97","3.8"
"594f9aaa48e5bf431f011ddc5669b0d5","0.97","4.6"
"3c4e0452bff7a2a788179488d3d77032","0.97","3.7"
"fcb5ace8bcc92f75707dc0f01a27d269","0.97","3.8"
"fde0cc9ea29c8ccfc0a2c22256a58c71","0.97","4.5"
"72c5da29406b4234927b81855e7b64f6","0.97","4.1"
"5f5b43b2bffa8656e4bc6efeb13cc649","0.97","4.4"
"5b67882648febfb6e1225e6ad7164f6b","0.97","4.0"
"3c487ae8f8d7542beff5788e2e0aea83","0.97","3.9"
"4917cee8d902e13428c3ec4b1ca6f315","0.97","4.2"
"5d3bb11474a06bdc23fb9e89f1164ee0","0.97","3.9"
"3bdff180c7e1f6551a643b99c265a120","0.97","4.0"
"aaed1309374718fdd995ee4c58c9dfcd","0.97","4.1"
"95e03ca3d4146e4011985981aeb959b9","0.97","4.0"
"3078096983cf766a32a06257648502d1","0.97","4.2"
"0b90b6df587eb83608a64ea8b390cf07","0.97","4.0"
"116ccb1a1604bc88e4d234a8c23f33de","0.97","4.6"
"80e6699fe29150b372a0c8a1ebf7dcc8","0.97","4.3"
"e8b3a3a38279a82f0e5d006d5e5b7d2c","0.97","3.7"
"95ec4458365c4d11f452ccf538377619","0.97","4.3"
"2b1a40c1daabc6ca280c4b815c101841","0.97","3.6"
"729b2d09b2a0bdab221076327f13d050","0.97","4.5"
"38e679b9e0064cd94c6f035707344dae","0.97","3.9"
"1464afc72f696af775557a821c2e253f","0.97","4.2"
"d23019c84ffae2d5ef2270367b8605fc","0.97","4.4"
"9b013e03b2ab786505a1d3b5c0756754","0.97","4.0"
"32b8764b4ef628b53608fc34011fcc13","0.97","4.2"
"ebd2d60905fb58271facef5596b620d3","0.97","4.1"
"966cb4760537b1404caedd472cc610a5","0.97","3.9"
"a3dd39f583bc80bd8c5901c95878921e","0.97","4.6"
"18e694e0e48ed6f7aa3f24aade5fd697","0.97","4.7"
"562fc2f2c2863ab7e79a9e4388a58a14","0.97","4.2"
"575df70bde3f9f2b30bf8d2e9910d725","0.97","4.1"
"aced59e9b31ef866a94f9e7f29d8d418","0.97","4.4"
"25e6ffe976bd75618accfe16cefcbd0d","0.97","4.4"
"33576ec5412fb5905d876f12f33bfde6","0.97","4.1"
"1a3df491d1c4f1589fc2b934ada68bf2","0.97","4.2"
"5f1dc28029d2c244352a68107ec2b542","0.97","4.4"
"76d64c4aca3a7baf218bf93ef7fa768d","0.97","4.1"
"240b9776d844d37535668549a396af32","0.97","4.3"
"d94a40fd42351c259927028d163af842","0.97","4.1"
"b839e41795b7f3ad94cc2014a52f6796","0.97","4.0"
"53243585a1d6dc2643021fd1853d8905","0.97","4.1"
"8bd0f31cf0a614c658f6763bd02dea69","0.97","4.2"
"cc5a78bbad32776dc4e3af205218368c","0.97","4.5"
"f00e21b1e91a79653163b7fd8f293ff1","0.97","4.1"
"6061155addc1e54b4cfb51c1c2a32ad8","0.97","4.7"
"4b5f66b7adcf57f1ecc0d3c07dd6b177","0.97","4.1"
"ff063b022a9a0aab91bad2c9088760b7","0.97","4.3"
"02f5837340d7eb4f653d676c7256523a","0.97","4.8"
"06df0c10d34e459d9672bc77388742eb","0.97","4.4"
"376a891762bbdecbc02b4b6adec3fdda","0.97","4.7"
"232a6014e7b10cba61c6c2b2ea6bb4b0","0.97","4.1"
"c6bda72e4dbf5c5866b13cb1810c6d03","0.97","4.4"
"6b243f80ed07b10f0e8aa0f21a205f3c","0.97","4.0"
"1e8b33f18b4f7598d87f5cbee2282cc2","0.97","4.3"
"7722b1df1b0e383e000397b2c11e3e19","0.97","4.2"
"2ff97219cb8622eaf3cd89b7d9c09824","0.97","4.5"
"2199e7fe213c16213bf5d6a7eadc9a5d","0.97","4.3"
"01fd077212124329bac32490e8ef80d9","0.97","4.3"
"9e6229250fedbe05838fef417b74e7fb","0.97","3.9"
"30829ded4523ab9224b93bc49a62c95f","0.97","3.6"
"95f83f51203c626648c875dd41874c7f","0.97","3.2"
"1c68394e931a64f90ea236c5ea590300","0.97","3.9"
"36a968b544695394e4e9d7572688598f","0.97","3.6"
"de722cd6dad950a92b7d4f82673f8833","0.97","4.2"
"7178f9f4dd81dcef02f62acdf8151e01","0.97","4.0"
"e7d5b006eb624f13074497221eb37807","0.97","3.1"
"c864036feaab8c1659f65ea4faebe1da","0.97","4.6"
"a7f13822ceb966b076af67121f87b063","0.97","3.4"
"0bb738e4d789e63e2267697c42d35a2d","0.97","4.6"
"cce6ab8d1682639fe45ab70234f1665f","0.97","4.4"
"b76dba6c951ab00dc4edf0a1aa88037e","0.97","4.1"
"c8b3445d737de6befde0c88ede534a5e","0.97","4.0"
"ea67327e24487bdfac5fbfa37ea124df","0.97","3.6"
"d379f449f2a3b271bc01c0782020f705","0.97","3.9"
"537eb890efff034a88679788b647c564","0.97","4.2"
"febab0275244b9a49a623f0bd613ca2f","0.97","4.3"
"30a2f535bb48308f991d0b9ad4a8c4bb","0.97","4.3"
"8fdca8e349553f99bc738833a62c8802","0.97","4.4"
"05ff92fedb5be47920fea08e501238b9","0.97","4.2"
"974cf2cb8f4b7add98709c30df02fe10","0.97","4.1"
"4e7c18b98d84e05cbae3ff0ff03846c2","0.97","4.1"
"1771297ac436903d1dd6b0e9279aa505","0.97","4.6"
"98dac6635aee4995d501a3972e047414","0.97","3.9"
"b92e3c8f9738272ff7c59e111e108d7c","0.97","4.1"
"c8417879a15366a17c30af34c798c332","0.97","4.0"
"062ce95fa2ad4dfaedfc79260130565f","0.97","4.0"
"1b8356dabde1d35e17cef975c3f82730","0.98","4.1"
"33a6f4b1e7cdc205511e76ba1b6e0186","0.98","4.4"
"b4ffb71f0cb1b1c3d63fad021ecf93e1","0.98","4.0"
"3f995f07c49d0d55a99d5c54957f7d81","0.98","4.2"
"e0a366315b1b726b6c7832d664c0f530","0.98","4.3"
"66dc1b1632bd6a3e508510c5b3492107","0.98","3.4"
"37be5a7c751166fbc5f8ccba4119e043","0.98","4.3"
"4bfc7a4a1cf8d4d2121c27422d9e50b5","0.98","4.2"
"516e7738bd8f735ac19a010ee5450d8d","0.98","4.5"
"2a5b78b41cd05baeac8df54c6606b92c","0.98","4.1"
"4c03b9dd4c11ee2cb35c96c49efc9420","0.98","4.1"
"289cdb325fb7e7f891c38608bf9e0962","0.98","4.6"
"5a93f3ab0ef4c84ed5e1b5dbf23978bc","0.98","4.7"
"55a5b51f93f2b70ea513f5a047b0262a","0.98","4.5"
"bacb1f0ed56ad24198f5810d2b3fe9a5","0.98","4.1"
"83e197e95a1bbabc8c75e883ed016c47","0.98","4.7"
"d98eec89afa3380e14463da2aabaea72","0.98","4.3"
"86ccac0b835037332a596a33b6949ee1","0.98","4.0"
"a5cba26a62b8b4d0145b68b841e62e7f","0.98","4.5"
"bf3c6d2a28b2b5501e6c15448982dcc9","0.98","4.4"
"4200ddf1967c5e41e48db62bc6d4b5ac","0.98","4.2"
"42bde9fef835393bb8a8849cb6b7f245","0.98","4.2"
"33a17d60c64393351ebf1ef860f4e0f2","0.98","4.6"
"cab85505710c7cb9b720bceb52b01cee","0.98","4.3"
"817245bcc3badd82bbd222e0366951a6","0.98","4.1"
"c68fb906c8f4b4b946d8386bfa6e5467","0.98","4.5"
"3340ef1913fb70d28420f6ceb685c339","0.98","4.3"
"efcd8d2104f1a05d028af7bad20d974b","0.98","4.2"
"6c177e38df6d3f34182b1f1d427231bf","0.98","4.0"
"f680f85bee2d253556ac91be391d2c82","0.98","4.3"
"0ef83d7d83ed97cd2a0049ac8be5f88a","0.98","4.3"
"6c7d50c24b3ccd2fd83b44d8bb34e073","0.98","4.4"
"2a84855fd20af891be03bc5924d2b453","0.98","4.2"
"609e1a9a6c2539919b8205cf7c4e6ff0","0.98","3.6"
"381c83fdca332ea6afd896da20bf6e4a","0.98","4.4"
"6481e96574816ead57975da2c0f6d80d","0.98","4.1"
"229c3efbfb0ea2058de4ccdfbc3d784a","0.98","3.6"
"d66c305afaec317ebee552073a674429","0.98","4.4"
"8c16d1f32a54d92897cc437244442e1b","0.98","4.3"
"96804ea39d96eb908e7c3afdb671bb9e","0.98","3.9"
"9add47bf45ce8e8c7db6b9cf670b1e09","0.98","4.2"
"58f1a6197ed863543e0136bdedb3fce2","0.98","4.2"
"9674754b5a0cb32b638cec001178f799","0.98","4.0"
"8a432f4e5b471f8da497d7dc517666e2","0.98","4.2"
"3d8fa2f5b647373c8620330c4e077a9f","0.98","4.0"
"0432ead42b6c8a0bdf68154add917fdf","0.98","4.5"
"ac3508719a1d8f5b7614b798f70af136","0.98","4.6"
"85d9eb9ddc5d00ca9336a2219c97bb13","0.98","4.2"
"5cf13accae3222c70a9cac40818ae839","0.98","4.4"
"bccf933e006e9b94a6184af782963e77","0.98","4.5"
"dbc22125167c298ef99da25668e1011f","0.98","4.2"
"8bb48dc19fccaa8613b6229bf7f452a2","0.98","4.3"
"1d4587203296c8f4ad134dc286fa6db0","0.98","4.3"
"138dbe45fc62f1e244378131a6801526","0.98","4.0"
"709e16e2b25c7474d980076c6bfc4806","0.98","4.5"
"d1b65fc7debc3361ea86b5f14c68d2e2","0.98","4.6"
"7f7b8245c336066a1f9933c359f11d77","0.98","4.6"
"bd23da7354813347129d751591d1a6e2","0.98","4.0"
"b8bc237ba3788b23da09c0f1f3a3288c","0.98","4.3"
"725c32fa80c2faacc4fc88450d27314e","0.99","4.5"
"080199a181c46c657dc5aa235411be3b","0.99","4.6"
"17ca9b9e9b9ef8fdb529001b49ebb50f","0.99","4.0"
"d12c926d74ceff0a90a21184466ce161","0.99","4.1"
"dfa0c4c6229ab200a4a1336b4d7128ff","0.99","4.0"
"cb8bcce248bb1fb274ba762d8b971456","0.99","4.3"
"12b9676b00f60f3b700e83af21824c0e","0.99","4.5"
"9d5a9018aee56acb367ba9c3f05d1d6a","0.99","4.4"
"ca3bd7cd9f149df75950150d010fe4a2","0.99","3.7"
"259f7b5e6e482c230e5bfaa670b6bb8f","0.99","4.2"
"c3cfdc648177fdbbbb35635a37472c53","0.99","4.4"
"48162d548f5b1b11b9d29d1e01f75a61","0.99","3.8"
"612170e34b97004b3ba37eae81836b4c","0.99","4.4"
"822166ed1e47908f7cfb49946d03c726","0.99","3.9"
"0ea22c1cfbdc755f86b9b54b39c16043","0.99","4.3"
"e26901d5ab434ce92fd9b5c256820a4e","0.99","4.1"
"5c243662ce92d84573bfaff24c3e3700","0.99","4.1"
"0bae85eb84b9fb3bd773911e89288d54","0.99","4.2"
"91f848e9f4be368f4318775aac733370","0.99","4.3"
"751bdc4d83a466c7206cd42e8f426b03","0.99","3.5"
"6cd68b3ed6d59aaa9fece558ad360c0a","0.99","4.4"
"530ec6109d11eaaf87999465c6afee01","0.99","4.2"
"520b493b57809f446cb0a233bb3e25c7","0.99","4.4"
"744dac408745240a2c2528fb1b6028f3","0.99","4.5"
"0df3984f9dfb3d49ac6366acbd3bbb85","0.99","4.3"
"582d4f8675b945722eda7c0cb61ba4c7","0.99","4.1"
"ce27a3cc3c8cc1ea79d11e561e9bebb6","0.99","3.9"
"d921b68bf747894be13a97ae52b0f386","0.99","4.6"
"f9244d45189d3a3605499abddeade7d5","1.00","4.3"
"5b664594895aefb418afaee6d40a9a23","1.00","3.6"
"ade45994b717ccee333492330fbf037b","1.00","4.5"
"41b86b552e54e3a7009596125aa8b167","1.00","4.4"
"718539d38d07dd351c76db862760e2e2","1.00","4.3"
"508808d438fe2ff972ed13bb8f4a82e2","1.00","4.3"
"7e26c750b4cb9f6766f58265ff9ebe95","1.00","4.4"
"c72de06d72748d1a0dfb2125be43ba63","1.00","4.5"
"1b1ae47a313a825a7ccceb8e2e30fa9d","1.00","3.9"
"cac876b37d3abcd6bd76caca30277996","1.00","4.6"
"8c5e007d7bd5693fa1386ffefbc99f6c","1.00","4.2"
"da6a60cc8cc724fe51be021ff8be779c","1.00","4.8"
"83645b1645cdee8953ee54c29ceed564","1.00","4.4"
"f0e103c63864d5405b958d984b6e94c9","1.00","4.7"
"b372ee768ed69e46ca8cdbd267aa7a38","1.00","4.4"
"c26a2be5b53b7db6b276280da212a779","1.00","2.7"
"14a08204d03bb6b6bde8029f801ae0eb","1.00","3.8"
"07bf9669d84d1f11be443a9dd938f698","1.00","3.3"
"431050a06a317f2b38168dec3dcd2b46","1.00","4.3"
"141440cad9341e553f8401c574a2aa38","1.00","4.2"
"788e857f317e53de488d393e65a80f45","1.00","4.9"
"aae3bfea055532c57fb453ed3ec80b30","1.00","3.6"
"b9a03475e6447e631b6799ec8274800f","1.00","4.3"
"38102b031c2a15e54623d711bfc753d3","1.00","3.6"
"3f0e48d209018b466fcd3bb4ccfeb520","1.00","3.9"
"a23266650e7c84bb93fbbba502137478","1.00","3.3"
"8602a61d680a10a82cceeeda0d99ea3d","1.00","4.5"
"26af45f5dfd967225a832838aa4e24a3","1.00","4.2"
"79ed755314cfe6df0daef2c6cd3022cd","1.00","4.7"
"57e632711dec9ec14ca7546769483e7e","1.00","4.4"
"33ac3e28642ab8bda860a2f693000e78","1.00","4.2"
"30a81d8cf85fb2ada1b1b094c9583a95","1.00","4.9"
"6f83d9e4da896daae20b9b6b2d3ff8d2","1.00","4.4"
"62c50c1af4dfdc4149d25c5222043d39","1.00","3.3"
"ed4acab38528488b65a9a9c603ff024a","1.00","3.7"
"968268a686aa05d1f529fb07dff08130","1.00","3.5"
"1dcfa3835714681d4ba4a93bc1e0fd41","1.00","3.9"
"42fa4ee7240e9b8eb4576358ec142ba7","1.00","4.8"
"52f9db5cfb423382a2fa5c9e39303202","1.00","4.2"
"ddd51ae8cda92f3995a51fc0f0f3eec7","1.00","4.6"
"e601b04acf48b4576e73ddca9481f0dc","1.00","3.9"
"a2deecd5398f5df4987110c80a1972a3","1.00","3.7"
"9baf5cb77970f539089d09a38bcec5c3","1.00","4.3"
"cda598c48d7c614bc1cad7d8ff6f0010","1.00","3.9"
"9d681c7e12db302cb261e721040dde65","1.00","4.9"
"c394e193cda3b4225ff2094d32184849","1.00","4.7"
"e603cf3fec55f8697c9059638d6c8eb5","1.00","4.5"
"38e6dada03429a47197d5d584d793b41","1.00","3.3"
"94e93ce877be27a515118dbfd2c2be41","1.00","3.9"
"89a51f50b8095ea78d5768f34c13a76f","1.00","4.7"
"77fccaae319668a8ab6cd0fd16aec48c","1.00","4.3"
"6eb94e1466490d327a09abf8f3552a50","1.00","4.4"
"72bc2cce903c872fe376a8faaa81d237","1.00","4.4"
"41ab63a91b8b264e8c8780368bf1dd5b","1.00","4.2"
"acb6c2ca5c82411c1fdb88d5fd5eb95e","1.00","3.7"
"272f092de69afedd4d2969440b37f18f","1.00","3.9"
"0b36063d5818f81ccb94b54adfaebbf5","1.00","5.0"
"2f74af7a0ee5636f12c2336f9fffed47","1.00","4.3"
"3c010235b7345c92f125d14ee232a76b","1.00","4.7"
"25e47381a6c510ddeb36084e33b89f0c","1.00","4.1"
"6b9b80d53ba3676eafe60268a810b5a1","1.00","3.9"
"7ade73f1b9b4e965f9009a4c3a7e2c15","1.00","4.8"
"ed859002ad59dbf8cf3602696a6c3000","1.00","4.0"
"094ced053e257ae8cae57205592d6712","1.00","4.1"
"acf974e4d5950ad143a247471b831eb9","1.00","4.8"
"01c97ebb5cdac52891c0ed1c37ba0012","1.00","4.1"
"b410bdd36d5db7a65dcd42b7ead933b8","1.00","4.7"
"0eaa7e33d73809f1f925f7d07c506cbd","1.00","4.7"
"a8739afb32aaa45e01815ca76f76f54b","1.00","3.5"
"06bb3a2fe5e7b7a845b13e8fb91bd944","1.00","4.6"
"3d621842b2ed28e2b474132480edac3c","1.00","3.9"
"bf100ecb7997df312b285358fb32f92c","1.00","4.4"
"f12d3c2a14729ae461b920c11fe20fdc","1.00","4.3"
"3d2531eccfbde1d7c8db7a3a12fb267a","1.00","4.2"
"5bc24d989e71e93c33e50a7782431b0e","1.00","4.4"
"2fdde51ad3e12f297da656d4fbd5d0b5","1.00","4.7"
"7a2d2949aea47fab95fd98d6c9f618b1","1.00","4.3"
"1354d51653f645349064725ed204e85e","1.00","3.7"
"3785b653b1b82de85ab47dd139938091","1.00","4.8"
"e250d617a0ad591ba9bd663e584a895d","1.00","2.8"
"4736e9d642ef4257cd7622516931eb51","1.00","4.2"
"0ebd97a106433a45a4aebe57c1799778","1.00","4.5"
"512d298ac2a96d1931b6bd30aa21f61d","1.00","4.3"
"d4910f1cdcfdabd48d6b316e395d4a23","1.00","4.9"
"d4e4b5192cba4e0e66eb12a9d347239d","1.00","4.2"
"8f78f0903005064036736c7173a5c2ed","1.00","3.5"
"41b14765bd56c8ad10971074380f9c0c","1.00","4.1"
"3bb548e3cb7f70f28e3f11ee9dce0e59","1.00","4.0"
"2c4c47cb51acd5ea5db5e0ae0e26542a","1.00","4.6"
"06e5eefc71ec47ae763c5c6f8db7064f","1.00","3.9"
"1c5e4e49b9079480255b49d50aac1aa9","1.00","4.3"
"9616352088dcf83a7c06637f4ebf1c80","1.00","4.2"
"ead2bab70821ea148476ae9bc08548ac","1.00","4.3"
"4305fe92735c8a43d154ff6dd2b8d927","1.00","3.9"
"cfd7ddab722b902f7ac5b5f3ba6d723d","1.00","4.5"
"2059c39f76271d4ca3f15b5ffaccc8b8","1.00","4.5"
"33d677f27a69b84051204ee4ae76eaca","1.00","4.6"
"670a9dda115b5a88b18cfadee8de2332","1.00","4.5"
"638cba8be1fb599bbb76fd6948351eb3","1.00","4.6"
"63a79f5a7eb5cb48a7e5787b141c7993","1.00","4.5"
"8ab42aa58097fd4668d60cc648225d5f","1.00","4.2"
"6426d21aca402a131fc0a5d0960a3c90","1.00","4.2"
"e2c92f9c1c7746d899d18f2e158bbff7","1.00","4.1"
"b90e891671cffd9557f33a97dc523645","1.00","4.1"
"8a2d12a90e92f012ce5226fc6592b653","1.00","4.6"
"845e8036c3f7bf62099352f5ed910240","1.00","3.8"
"df91910b6a03bb2e3358fa6a35e32f6f","1.00","4.4"
"cc3d14116804f7209f3884f6367f1152","1.00","4.7"
"2b3e4a2a3ea8e01938cabda2a3e5cc79","1.00","4.4"
"5debea795b07621e1f90532e18f96145","1.00","4.3"
"73a63f72308aa20a46f4b1632018f196","1.00","4.1"
"0ddefe3c7a032b91f4e25b9c3a08fca1","1.00","4.5"
"5c030029b5916fed0986310385ec9009","1.00","4.9"
"ffa6adafb71b807dc13159e26431354c","1.00","3.8"
"6e1862e15f33d9994bc25922a85e1efc","1.00","4.7"
"bdae679a9b282249bc23b9b69dae9a99","1.00","3.5"
"3481aa57cd91f9f9d3fa1fa12d9a3bf7","1.00","3.9"
"ff4e2d38692ce827b1a4f4b8196e680d","1.00","4.3"
"b1fecf4da1fa2689bccffa0121953643","1.00","5.0"
"8603f0038fe0e52fedd3382d266723de","1.00","4.4"
"fec6275253471ace26d209bbaa64cd0f","1.00","4.6"
"596849622429351f47b32e6cae1055ff","1.00","4.0"
"3092c0b297aacfb4bb6e056ebe13b9b8","1.00","3.6"
"0885aaf116795758dfeb5f1032487bcd","1.00","4.2"
"26d6bbee02420494d471c9f6436929c0","1.00","4.7"
"8daab2245ebdc277c51098d01c5ad8ef","1.00","4.6"
"77e4abfd739aed9c46480f90f81c0eb4","1.00","4.8"
"e644cbadf7eeb30d0d29f335ce7d52ec","1.00","3.7"
"d9e8c084b68fe958861d8f2c21202e6b","1.00","4.2"
"54583ab379489add547fe47b628db589","1.00","4.8"
"92d14edfb62ee5ae7fdff70b0f4e7233","1.00","2.8"
"5cbbd5a299cab112b7bf23862255e43e","1.00","4.3"
"a0415d9b25ede3c4b1e477e9916ffc03","1.00","3.9"
"c157bdeedcbc9a8e3c8bf0d87ff24428","1.00","4.5"
"acce39e832338debb07b02385cde5967","1.00","4.5"
"0b18d63d0cd1d723567903fd34a07df2","1.00","4.8"
"bd697db56ff8e7c9cd1abeb7f72029b2","1.00","4.2"
"f1fd5ab1181f827ffad998c1a5de7d74","1.00","4.7"
"d8cf3b6a2151949f930d0252b180ec42","1.00","3.0"
"ea6b12bf9ffe2bac34602ec631d97a47","1.00","4.1"
"4bf2f4ee540798a61f9636d12cd9cc80","1.00","4.2"
"0ff83046c3fa22efee8ecf291888b191","1.00","4.8"
"e1dc0754bada9ee4cfe9713f22f61292","1.00","3.8"
"f326006815956455b2859abd58fe7e39","1.00","4.7"
"bb135baca94c82fcb731335ad5b04a03","1.00","2.7"
"59cea8e446d3834393058e7e0666b6fb","1.00","4.6"
"54065e9aef7e9e9c2dc23b7594db021a","1.00","3.9"
"e9c6969d40e6a3d2d0f90013165c2b98","1.00","4.4"
"f4a04f7be452aa3bb31760bf00055dd0","1.00","4.7"
"65febd49fd28ec955651299159b1f527","1.00","4.2"
"3fac58ce0ad699020c7944d53c41329c","1.00","4.6"
"8ae520247981aa06bc94abddf5f46d34","1.00","4.4"
"5075aaa8404020ae6aa8bf4792099b41","1.00","3.9"
"d93844a9c55ba7ce353388bcf849ea56","1.00","4.2"
"671585f5a2af58b6e276bc01003c0d2b","1.00","4.7"
"7238a95bb63ef7e498389fb863b834a1","1.00","4.7"
"b080809eaacb49e5ca07290981472431","1.00","4.8"
"768de2a4fc06aacecb9a586ccc30746a","1.00","4.4"
"ea65d8b58316a6f2362f2a9e4b3e86ad","1.00","3.2"
"6806dad1da97bfb5a9038eac6881f706","1.00","3.9"
"60562ab00b8054280520d390c8c0045c","1.00","4.8"
"bc503e244f187939d10c92a5c8e378ce","1.00","3.8"
"bfd938b22bc99bce1ae60dc602889f52","1.00","3.1"
"5882820ef11c4c068eea0677a7a879b4","1.00","4.2"
"8ed8ea9a57c862f2c18c2fe41f601d56","1.00","4.5"
"270297ead4c65a6cd2593960d2af6b21","1.00","3.7"
"cb6c9f5888a7a090c75beaf615925792","1.00","3.8"
"a08692680c77d30a0b4280da5df01c5a","1.00","5.0"
"8a87611c08849ffeeccab52aa798b6c7","1.00","2.6"
"3c3017960b2dbd72711a61f0400aab8f","1.00","4.0"
"e49c26c3edfa46d227d5121a6b6e4d37","1.00","4.4"
"4b0fdb526525f9890eb145bf1534640e","1.00","4.0"
"0791d9fc1e30678ecf03d3e55fa108d3","1.00","2.7"
"df0f42bc4c2142eacf0eaf2cffd0cfbb","1.00","4.1"
"5ef131ac72773e5b3f6c0d63cf424657","1.00","3.8"
"82cb9f452fe8334df74b22d37824b431","1.00","4.7"
"d4ffeb15b67e81ff9af2b4252d99fb7e","1.00","4.3"
"b81e3a6c866a764974fe849821abeebd","1.00","4.5"
"404e1ba01358af4cd63f679b2c4d1fa1","1.00","5.0"
"b494891378bd8f4560abe576c52deacd","1.00","4.6"
"557f22c76691849db52d2abccf0015d0","1.00","3.2"
"8d46553a36e68f95350a200c12f8f2e2","1.00","3.1"
"34d1ca11b242c0fee2c834ae8d788566","1.00","4.3"
"65a7c0788e4d632ccb5e1b594b87f0bb","1.00","4.4"
"403aa86912527d730337ffcb0fb096ab","1.00","4.0"
"c6381d2d013342748761e906d45aff76","1.00","3.0"
"bb5bd94c8f59cc050072d2930c869cac","1.00","4.2"
"ad273c9eb54ecb4532de4bf75bae9e4e","1.00","3.8"
"d8c7ba53e7e38711eaef8c2849d6d2e1","1.00","4.5"
"112453736dbe3889cfb74e1aaa0ba0c1","1.00","4.1"
"c5f7e746b7e6d07def6c0dae9903279b","1.00","4.5"
"02ecc2a19303f05e59ce133fd923fff7","1.00","4.5"
"e9511df20ccd82658a30c37b7fb343af","1.00","4.5"
"40d54b51e962dbe09cabbcfd33298dee","1.00","3.9"
"e627629ba868740e287800f1a9be81c2","1.00","4.5"
"3f8034bfc6b8b4135534975d49f04c63","1.00","3.1"
"d66c11a9572221d92fbb8c4897db5f9b","1.00","4.6"
"226b05fe067266c59c15dae208213d06","1.00","4.2"
"e48cc16ab70bfa09e1401740dce0b3d7","1.00","3.2"
"1e483cc5c76fef08d3ca05f9a8af7d01","1.00","4.1"
"47efca563408aae19bb7206c2d969ea9","1.00","4.1"
"e256a62e0ac58c0edfba09966142d561","1.00","4.5"
"41da412d33e8da4f22baf55cb1bde82c","1.00","4.7"
"abc015ebac1d283a323ca9db35ede4b9","1.00","4.4"
"01bcc9d254a0143f0ce9791b960b2a47","1.00","4.4"
"2addf05f476d0637864454e93ba673d5","1.00","5.0"
"9c690ceacd5c66731bf443ea810195cb","1.00","4.4"
"9803a40e82e45418ab7fb84091af5231","1.00","3.1"
"6b15924333bd1a741595fe981ea04822","1.00","4.7"
"bd4889b5e9133b35b66e42a8665cea5c","1.00","4.5"
"b2eecf5ea250510da76590ca79d60e5d","1.00","5.0"
"1acde099eb406aa220b1169b188b42da","1.00","4.3"
"888faa8bfb0b159c37de6d898b961c31","1.00","3.9"
"6df688df543f90e9b38f4319e75a9d88","1.00","4.5"
"68f86ba270525243e68ae74044f992b9","1.00","4.3"
"6a38087bc8ad4f89ff453561005f6dea","1.00","4.4"
"f9903dd0f812c7e771fcad47b6fff231","1.00","2.9"
"fad44952713764836814be105382aee5","1.00","4.3"
"8ff1a9df749e454105c55cda13e79143","1.00","3.7"
"b1aaae6b66ad3c40f54b389d7ea4bee0","1.00","4.5"
"f67efa3f0b6761102a7f8c6b7b571f5d","1.00","4.4"
"1996942dc085d7773ba77a529b163cd0","1.00","3.9"
"2009a095de2a2a41626f6c6d7722678d","1.00","3.9"
"079d295dcbf06ee8bb1b65ba964eb2b6","1.00","4.8"
"ab27bbbad5239bc31a34709275a70db4","1.00","5.0"
"679769a98cfcc6da877c8486ff1c13f3","1.00","4.6"
"cfa5ab0e4d3fc212fd0b3410e7081c62","1.00","3.5"
"257e61d3251fb5efb9daadddbc2cf7ca","1.00","4.8"
"48efc9d94a9834137efd9ea76b065a38","1.00","5.0"
"2f4b0d3b9634b647d4edee577d7ebb7e","1.00","4.9"
"014d9a685fd57276679edd00e07089e5","1.00","3.8"
"c510bc1718f0f2961eaa42a23330681a","1.00","4.0"
"5f7300535881cef3b625fd683cf7d145","1.00","4.5"
"a369d693961cb93b61ca2cc518872a85","1.00","4.1"
"cf2384dd2f1dddea3f838efed0945e65","1.00","3.9"
"7bcd7c5f8631701474db233ccf1c094b","1.00","3.6"
"4da0e408c99d2fdc2126dc9fce518060","1.00","4.5"
"e48b04bf1aa1ef711caebeb7aede6180","1.00","4.5"
"db46ca7bce82b11f7e247539271fc390","1.00","4.6"
"325f3178fb58e2a9778334621eecdbf9","1.00","4.5"
"52562a9f449c3dc3d53f5f5b9ed74903","1.00","4.8"
"4978a02ea9c8be7a9b5480680f40334e","1.00","3.6"
"02c988090b766852e088c69d7fb3b551","1.00","4.7"
"270d3ef21830ad0ecf3a6c53d08a533a","1.00","2.2"
"c8c1bea22194a4eefa2dc9a9fa89f536","1.00","5.0"
"49067458c68f7701fd334ce326accbe0","1.00","3.4"
"7ff588a03c2aeae4fbd23f9ae64b760d","1.00","4.7"
"1430239a858e7682bbc43b20758af153","1.00","4.0"
"49383af7ab774e4e8f3000f49c83dc4b","1.00","4.6"
"1f867308a0ce13133a4e639ff4de0c02","1.00","4.5"
"de0c78824586e9a5f5f04fd84e25df39","1.00","4.4"
"b16d3dadc47d4eb18be3d88bad0775ce","1.00","4.4"
"ffad1e7127fb622cb64a900751590acd","1.00","4.9"
"916c9de0b5ad957346eeeb12f332687e","1.00","4.4"
"5bffbafbb22daf6d3bfc216a46db8708","1.00","4.7"
"dfc475d54e1b6dbeeb7d7d9bdaa63827","1.00","4.4"
"d566c37fa119d5e66c4e9052e83ee4ea","1.00","4.7"
"1b938a7ec6ac5061a66a3766e0e75f90","1.00","4.2"
"51702dc2a3e106c76dbff722b5bf0726","1.00","4.4"
"334cab711dee080b079fa5779b584783","1.00","5.0"
"c84592044b180dec206770c38603814b","1.00","4.2"
"eed78ac17f7f795a19a709745f00cd4e","1.00","3.4"
"51e4e89242cbb846c2deff3dc015650e","1.00","4.6"
"bf00385a5f7fc1ef39a13c2e9ee50a5f","1.00","4.3"
"960945e1a9535cbc0cd6ddd35fbe7ae8","1.00","4.7"
"e6a69c4a27dfdd98ffe5aa757ad744bc","1.00","3.6"
"f435898e493ba0356019a0b1cb8b55b1","1.00","4.3"
"c3e1abd72a42fe690fcd89cf5720fe29","1.00","4.5"
"81783131d2a97c8d44d406a4be81b5d9","1.00","3.4"
"2d518637f53161b973e01f56ea4bb88e","1.00","4.9"
"d06d019f72a04e5497a0b64190af170c","1.00","4.5"
"9d5604a1f112324ad6b2aa552122e0fb","1.00","3.6"
"d1b9d4be4b6f9ebd85f8acd6745ba612","1.00","4.2"
"08d0949a9a17c027262db1f3c450c26c","1.00","3.5"
"caa9bc43a9fe8cf9c564ddd8a03cc4a6","1.00","4.7"
"41c2bad7229b0c25e6becf179ebf63ff","1.00","5.0"
"89f69225956f951295ca4c7fb1266553","1.00","4.3"
"31561f325664a8a7aba4c8d0c3a9b3db","1.00","4.6"
"5b51032eddd242adc84c38acab88f23d","1.00","3.8"
"b1204cfda1d4948679db3cfc0d3cb95c","1.00","3.3"
"3ca08eeb8d5595949fed424bd3677742","1.00","4.4"
"b2a6d334e2833acea353624840e25a0e","1.00","4.5"
"b347677812ea483b0f528eaf8cbc09b7","1.00","4.5"
"93b9a99027bd8bd6af682aff18dd19bf","1.00","4.1"
"5c3460cd3e8a984382ae254e7dd20d9f","1.00","4.7"
"5b85809efd0d0e4dea1a9544e1280ed9","1.00","4.4"
"39d61be7a92eb77b7da367bd4845bc0e","1.00","4.2"
"a425f92c199eb576938df686728acd20","1.00","4.4"
"59417c56835dd8e2e72f91f809cd4092","1.00","4.3"
"f5b44895715ddfe3087dc414f30268f3","1.00","4.0"
"a2fa0bdc798ee84cdb08281337cf4fb6","1.00","4.2"
"d4f117125b59ce73c3302f88ee40c458","1.00","4.8"
"05a940b4ecae36cadfd8e93bd9c43257","1.00","3.9"
"ba5daa4041e1f15cdf34b76e3e18a450","1.00","4.3"
"d1c7fa84e48cfa21a0e595167c1c500e","1.00","4.3"
"bbf9ad41dca6603e614efcdad7aab8c4","1.00","4.5"
"cb9fb4ca75d7ba8437480e8dde64fe98","1.00","4.0"
"013900e863eace745d3ec7614cab5b1a","1.00","4.7"
"5a05a16bb50629ee31afab8a6d4c2674","1.00","4.0"
"439a47cc365d6e3bd526812ea9de3c29","1.00","4.0"
"f08a5b9dd6767129688d001acafc21e5","1.00","3.4"
"26785a546900236d66f2e4197c211158","1.00","4.7"
"f1c1ac3f3efc07e659c035008e615e66","1.00","3.6"
"659e8466eb3ff1b0e8740d74fb7bbedd","1.00","4.5"
"c840d3fdbba0790404fdae73d253b253","1.00","3.9"
"2d42ebcda99fd55f6f4bc2f1ca035d50","1.00","4.0"
"b7ed9fb14c8eadb37adb9c45d67ab0fb","1.00","2.9"
"b37c4c02bda3161a7546a4e6d222d5b2","1.00","1.4"
"457fe919b032a3f7dadba6fb92cf7855","1.00","4.8"
"88cf19ec1fc2c58f161aee259d57142c","1.00","4.5"
"184a67a8f9f63234d3a92340bbdb727f","1.00","3.6"
"65b081a070633e057c462abdd6fb9dd8","1.00","4.4"
"81f89e42267213cb94da7ddc301651da","1.00","3.5"
"3504c0cb71d7fa48d967e0e4c94d59d9","1.00","4.4"
"9198786624eaeb375793215cad26cfa6","1.00","3.9"
"525e75a6fb1454a2325ab1734bcec221","1.00","3.7"
"e7f3bf1ecd8526eb7f3b18059e6716e5","1.00","4.4"
"6c12e40690c335dbc2f68a4134d30dc1","1.00","4.1"
"0570350b23eda5444f8d1d9544932058","1.00","5.0"
"d57e18d5f73c7ccb7f7339b61166898d","1.00","4.4"
"f3c38ab652836d21de61fb8314b69182","1.00","4.3"
"5c853bb56f70f4d14218944bae111d7a","1.00","4.0"
"53b0300ca793f9834cd69c0678d35ee8","1.00","5.0"
"2e0dba2da448400b1c11d7b4b22f32a4","1.00","3.8"
"fb3cfbc8a86f5d7fbb4d36b8df63f60d","1.00","3.1"
"b1a81260566c1bac3114a6d124413f27","1.00","4.2"
"fa1a9dec3a9940c072684a46728bf1fc","1.00","4.0"
"f3b80352b986ab4d1057a4b724be19d0","1.00","4.1"
"bba74270a87732727b5a3b4fd9ac1c39","1.00","3.8"
"9a84ba99f5367fdbd4598363496f1ea2","1.00","3.7"
"49e7217cfe4e427191c378ec626d8737","1.00","3.9"
"70b52a4cfc823994561b00bad161b4ed","1.00","4.5"
"6bbcb8924baf70b7fe2fe2097e8cd407","1.00","4.5"
"e21a1e8be4715b0fcfd5385643bc49c4","1.00","3.7"
"aac51c486b672a9850d59f3e84b1cf88","1.00","4.8"
"ffff564a4f9085cd26170f4732393726","1.00","2.1"
"42ef3192a9ff87a22d1867b74b3ee205","1.00","4.7"
"ae45df84722b1d15c5f32b23a095746c","1.00","4.8"
"55d3daac7c404d59e51c2aa2f4dc5a23","1.00","3.9"
"3d0cd21d41671c46f82cd11176bf7277","1.00","4.7"
"cbf09e831b0c11f6f23ffb51004db972","1.00","4.4"
"916748bc99315c2d202898ae58b1617e","1.00","4.3"
"fc906263ca5083d09dce42fe02247800","1.00","4.4"
"6d22a1fcebb6dd08c9cd90b92a93e8d0","1.00","4.3"
"c731d18cea9bf687ffee82a241c25b11","1.00","4.0"
"cac63f48c38cd7d002a7e846dcd99a23","1.00","4.8"
"08084d990eb3f53af056ccbc1730c8a7","1.00","4.5"
"21e83881401b92b49fb09a16d3852291","1.00","4.3"
"262237171f48e85819065498cac80d7b","1.00","4.3"
"48fb026ed7455a42f5d3e9390ed5088e","1.00","2.6"
"6b90f847357d8981edd79a1eb1bf0acb","1.00","4.4"
"fac1a9017ade7bdc94058fc1c969f355","1.00","4.7"
"6338ea67c41078a46ad99cc009654956","1.00","4.6"
"bc2ac6b95e1accce9858528ee566c17e","1.00","4.6"
"817f85dbb65aa3e70831d90fe75cdf89","1.00","4.5"
"0e982cff76cc0579f632cea8a0e38c9d","1.00","3.3"
"d94ba08b99bedd6a5f6c875ecc4a6fac","1.00","4.8"
"0aa2205ca24f113f4658a5c536667426","1.00","2.8"
"f44b6f775a2b390380e0e30b5c9d3eee","1.00","4.9"
"33cbbec1e7e1044aaf11d152172c776f","1.00","4.7"
"985c92cc412091f8529c12d7f23d3fef","1.00","4.8"
"f41ce2e25237f9092cd8e6e7516c7a2f","1.00","4.3"
"c9a06ece156bb057372c68718ec8909b","1.00","3.0"
"d6ab728cf30867cf3f1a2e216ae2f9b7","1.00","4.4"
"e882b2a25a10b9c057cc49695f222c19","1.00","4.6"
"ffdd9f82b9a447f6f8d4b91554cc7dd3","1.00","4.3"
"5160d23075764e18e07c1f4a87fad743","1.00","4.5"
"c2d70ce2c5d0a2eb75e78668236e6dc8","1.00","4.7"
"cc63f0dd2acba93ffed4fe9f8e0321fa","1.00","4.0"
"402916f742e5c740cc751493d9cf5053","1.00","4.7"
"f52c2422904463fdd7741f99045fecb6","1.00","4.3"
"b1ac6ea7895bc3dd6f0f6f4abbdd2821","1.00","4.3"
"ca77545ca4d2dfd1431bf61334e2fa3c","1.00","4.8"
"5f26c1408a65b42a7224cd463bdf3292","1.00","4.8"
"6b803197e03abd5056b4313306b4f29d","1.00","4.8"
"3969863bb8af7f72580b3b1ffd3a17b3","1.00","4.0"
"b8114f2f589a6804810f04f99b36b498","1.00","4.7"
"392353362d22cc2c236e1ee81ff19890","1.00","4.6"
